<?xml version="1.0"?>
<?mso-application progid="Excel.Sheet"?>
<Workbook xmlns="urn:schemas-microsoft-com:office:spreadsheet"
 xmlns:o="urn:schemas-microsoft-com:office:office"
 xmlns:x="urn:schemas-microsoft-com:office:excel"
 xmlns:ss="urn:schemas-microsoft-com:office:spreadsheet"
 xmlns:html="http://www.w3.org/TR/REC-html40">
 <DocumentProperties xmlns="urn:schemas-microsoft-com:office:office">
  <Author>I.Stat</Author>
  <LastAuthor>Vincenzo Giacalone Biondo</LastAuthor>
  <Created>2023-09-17T19:25:05Z</Created>
  <Company>ISTAT</Company>
  <Version>16.00</Version>
 </DocumentProperties>
 <OfficeDocumentSettings xmlns="urn:schemas-microsoft-com:office:office">
  <AllowPNG/>
 </OfficeDocumentSettings>
 <ExcelWorkbook xmlns="urn:schemas-microsoft-com:office:excel">
  <WindowHeight>11955</WindowHeight>
  <WindowWidth>32340</WindowWidth>
  <WindowTopX>32767</WindowTopX>
  <WindowTopY>32767</WindowTopY>
  <ProtectStructure>False</ProtectStructure>
  <ProtectWindows>False</ProtectWindows>
 </ExcelWorkbook>
 <Styles>
  <Style ss:ID="Default" ss:Name="Normal">
   <Alignment ss:Vertical="Bottom"/>
   <Borders/>
   <Font ss:FontName="Arial"/>
   <Interior/>
   <NumberFormat/>
   <Protection/>
  </Style>
  <Style ss:ID="m3078471772472">
   <Alignment ss:Horizontal="Right" ss:Vertical="Center" ss:WrapText="1"/>
   <Borders>
    <Border ss:Position="Bottom" ss:LineStyle="Continuous" ss:Weight="1"
     ss:Color="#C0C0C0"/>
    <Border ss:Position="Right" ss:LineStyle="Continuous" ss:Weight="1"
     ss:Color="#C0C0C0"/>
    <Border ss:Position="Top" ss:LineStyle="Continuous" ss:Weight="1"
     ss:Color="#C0C0C0"/>
   </Borders>
   <Font ss:FontName="Verdana" x:Family="Swiss" ss:Size="8" ss:Color="#FFFFFF"
    ss:Bold="1"/>
   <Interior ss:Color="#00A1E3" ss:Pattern="Solid"/>
  </Style>
  <Style ss:ID="s62">
   <Borders>
    <Border ss:Position="Bottom" ss:LineStyle="Continuous" ss:Weight="1"
     ss:Color="#C0C0C0"/>
    <Border ss:Position="Left" ss:LineStyle="Continuous" ss:Weight="1"
     ss:Color="#C0C0C0"/>
    <Border ss:Position="Right" ss:LineStyle="Continuous" ss:Weight="1"
     ss:Color="#C0C0C0"/>
    <Border ss:Position="Top" ss:LineStyle="Continuous" ss:Weight="1"
     ss:Color="#C0C0C0"/>
   </Borders>
   <Font ss:FontName="Arial" x:Family="Swiss" ss:Size="8"/>
  </Style>
  <Style ss:ID="s86">
   <Alignment ss:Horizontal="Center" ss:Vertical="Top" ss:WrapText="1"/>
   <Borders>
    <Border ss:Position="Bottom" ss:LineStyle="Continuous" ss:Weight="1"
     ss:Color="#C0C0C0"/>
    <Border ss:Position="Left" ss:LineStyle="Continuous" ss:Weight="1"
     ss:Color="#C0C0C0"/>
    <Border ss:Position="Right" ss:LineStyle="Continuous" ss:Weight="1"
     ss:Color="#C0C0C0"/>
    <Border ss:Position="Top" ss:LineStyle="Continuous" ss:Weight="1"
     ss:Color="#C0C0C0"/>
   </Borders>
   <Font ss:FontName="Verdana" x:Family="Swiss" ss:Size="8" ss:Color="#FFFFFF"/>
   <Interior ss:Color="#00A1E3" ss:Pattern="Solid"/>
  </Style>
  <Style ss:ID="s87">
   <Alignment ss:Horizontal="Center" ss:Vertical="Top" ss:WrapText="1"/>
   <Borders>
    <Border ss:Position="Bottom" ss:LineStyle="Continuous" ss:Weight="1"
     ss:Color="#C0C0C0"/>
    <Border ss:Position="Left" ss:LineStyle="Continuous" ss:Weight="1"
     ss:Color="#C0C0C0"/>
    <Border ss:Position="Right" ss:LineStyle="Continuous" ss:Weight="1"
     ss:Color="#C0C0C0"/>
    <Border ss:Position="Top" ss:LineStyle="Continuous" ss:Weight="1"
     ss:Color="#C0C0C0"/>
   </Borders>
   <Font ss:FontName="Verdana" x:Family="Swiss" ss:Size="8" ss:Color="#FFFFFF"
    ss:Underline="Single"/>
   <Interior ss:Color="#00A1E3" ss:Pattern="Solid"/>
  </Style>
  <Style ss:ID="s89">
   <Alignment ss:Horizontal="Center" ss:Vertical="Bottom"/>
   <Borders>
    <Border ss:Position="Bottom" ss:LineStyle="Continuous" ss:Weight="1"
     ss:Color="#C0C0C0"/>
    <Border ss:Position="Left" ss:LineStyle="Continuous" ss:Weight="1"
     ss:Color="#C0C0C0"/>
    <Border ss:Position="Right" ss:LineStyle="Continuous" ss:Weight="1"
     ss:Color="#C0C0C0"/>
    <Border ss:Position="Top" ss:LineStyle="Continuous" ss:Weight="1"
     ss:Color="#C0C0C0"/>
   </Borders>
   <Font ss:FontName="Courier New" x:Family="Modern" ss:Size="9" ss:Color="#FF0000"
    ss:Bold="1"/>
   <Interior ss:Color="#FFFFFF" ss:Pattern="Gray50" ss:PatternColor="#C0C0C0"/>
  </Style>
  <Style ss:ID="s90">
   <Alignment ss:Vertical="Top" ss:WrapText="1"/>
   <Borders>
    <Border ss:Position="Bottom" ss:LineStyle="Continuous" ss:Weight="1"
     ss:Color="#C0C0C0"/>
    <Border ss:Position="Left" ss:LineStyle="Continuous" ss:Weight="1"
     ss:Color="#C0C0C0"/>
    <Border ss:Position="Right" ss:LineStyle="Continuous" ss:Weight="1"
     ss:Color="#C0C0C0"/>
    <Border ss:Position="Top" ss:LineStyle="Continuous" ss:Weight="1"
     ss:Color="#C0C0C0"/>
   </Borders>
   <Font ss:FontName="Verdana" x:Family="Swiss" ss:Size="8"/>
   <Interior ss:Color="#C4D8ED" ss:Pattern="Solid"/>
  </Style>
  <Style ss:ID="s97">
   <Alignment ss:Horizontal="Right" ss:Vertical="Bottom"/>
   <Borders>
    <Border ss:Position="Bottom" ss:LineStyle="Continuous" ss:Weight="1"
     ss:Color="#C0C0C0"/>
    <Border ss:Position="Left" ss:LineStyle="Continuous" ss:Weight="1"
     ss:Color="#C0C0C0"/>
    <Border ss:Position="Right" ss:LineStyle="Continuous" ss:Weight="1"
     ss:Color="#C0C0C0"/>
    <Border ss:Position="Top" ss:LineStyle="Continuous" ss:Weight="1"
     ss:Color="#C0C0C0"/>
   </Borders>
   <Font ss:FontName="Arial" x:Family="Swiss" ss:Size="8"/>
   <NumberFormat/>
  </Style>
  <Style ss:ID="s98">
   <Alignment ss:Horizontal="Right" ss:Vertical="Bottom"/>
   <Borders>
    <Border ss:Position="Bottom" ss:LineStyle="Continuous" ss:Weight="1"
     ss:Color="#C0C0C0"/>
    <Border ss:Position="Left" ss:LineStyle="Continuous" ss:Weight="1"
     ss:Color="#C0C0C0"/>
    <Border ss:Position="Right" ss:LineStyle="Continuous" ss:Weight="1"
     ss:Color="#C0C0C0"/>
    <Border ss:Position="Top" ss:LineStyle="Continuous" ss:Weight="1"
     ss:Color="#C0C0C0"/>
   </Borders>
   <Font ss:FontName="Arial" x:Family="Swiss" ss:Size="8"/>
   <Interior ss:Color="#F0F8FF" ss:Pattern="Solid"/>
   <NumberFormat/>
  </Style>
 </Styles>
 <Worksheet ss:Name="Stato di salute - regioni e tip">
  <Names>
   <NamedRange ss:Name="_FilterDatabase"
    ss:RefersTo="='Stato di salute - regioni e tip'!R2C1:R2C15" ss:Hidden="1"/>
  </Names>
  <Table ss:ExpandedColumnCount="15" ss:ExpandedRowCount="24" x:FullColumns="1"
   x:FullRows="1">
   <Column ss:AutoFitWidth="0" ss:Width="144"/>
   <Column ss:AutoFitWidth="0" ss:Width="12.75"/>
   <Row ss:Hidden="1">
    <Cell ss:StyleID="s62"><Data ss:Type="String">&lt;?xml version=&quot;1.0&quot; encoding=&quot;utf-16&quot;?&gt;&lt;WebTableParameter xmlns:xsd=&quot;http://www.w3.org/2001/XMLSchema&quot; xmlns:xsi=&quot;http://www.w3.org/2001/XMLSchema-instance&quot; xmlns=&quot;http://stats.oecd.org/OECDStatWS/2004/03/01/&quot;&gt;&lt;DataTable Code=&quot;DCCV_AVQ_PERSONE&quot; HasMetadata=&quot;true&quot;&gt;&lt;Name LocaleIsoCode=&quot;en&quot;&gt;Aspects of daily life&lt;/Name&gt;&lt;Name LocaleIsoCode=&quot;it&quot;&gt;Aspetti della vita quotidiana&lt;/Name&gt;&lt;Dimension Code=&quot;ITTER107&quot; HasMetadata=&quot;false&quot; CommonCode=&quot;ITTER107&quot; Display=&quot;labels&quot;&gt;&lt;Name LocaleIsoCode=&quot;en&quot;&gt;Territory&lt;/Name&gt;&lt;Name LocaleIsoCode=&quot;it&quot;&gt;Territorio&lt;/Name&gt;&lt;Member Code=&quot;IT&quot; HasMetadata=&quot;false&quot; HasOnlyUnitMetadata=&quot;false&quot; HasChild=&quot;1&quot;&gt;&lt;Name LocaleIsoCode=&quot;en&quot;&gt;Italy&lt;/Name&gt;&lt;Name LocaleIsoCode=&quot;it&quot;&gt;Italia&lt;/Name&gt;&lt;ChildMember Code=&quot;ITCD&quot; HasMetadata=&quot;false&quot; HasOnlyUnitMetadata=&quot;false&quot; HasChild=&quot;0&quot;&gt;&lt;Name LocaleIsoCode=&quot;en&quot;&gt;Nord&lt;/Name&gt;&lt;Name LocaleIsoCode=&quot;it&quot;&gt;Nord&lt;/Name&gt;&lt;/ChildMember&gt;&lt;ChildMember Code=&quot;ITC&quot; HasMetadata=&quot;false&quot; HasOnlyUnitMetadata=&quot;false&quot; HasChild=&quot;1&quot;&gt;&lt;Name LocaleIsoCode=&quot;en&quot;&gt;Nord-ovest&lt;/Name&gt;&lt;Name LocaleIsoCode=&quot;it&quot;&gt;Nord-ovest&lt;/Name&gt;&lt;ChildMember Code=&quot;ITC1&quot; HasMetadata=&quot;false&quot; HasOnlyUnitMetadata=&quot;false&quot; HasChild=&quot;0&quot;&gt;&lt;Name LocaleIsoCode=&quot;en&quot;&gt;Piemonte&lt;/Name&gt;&lt;Name LocaleIsoCode=&quot;it&quot;&gt;Piemonte&lt;/Name&gt;&lt;/ChildMember&gt;&lt;ChildMember Code=&quot;ITC2&quot; HasMetadata=&quot;false&quot; HasOnlyUnitMetadata=&quot;false&quot; HasChild=&quot;0&quot;&gt;&lt;Name LocaleIsoCode=&quot;en&quot;&gt;Valle d'Aosta / Vallée d'Aoste&lt;/Name&gt;&lt;Name LocaleIsoCode=&quot;it&quot;&gt;Valle d'Aosta / Vallée d'Aoste&lt;/Name&gt;&lt;/ChildMember&gt;&lt;ChildMember Code=&quot;ITC3&quot; HasMetadata=&quot;false&quot; HasOnlyUnitMetadata=&quot;false&quot; HasChild=&quot;0&quot;&gt;&lt;Name LocaleIsoCode=&quot;en&quot;&gt;Liguria&lt;/Name&gt;&lt;Name LocaleIsoCode=&quot;it&quot;&gt;Liguria&lt;/Name&gt;&lt;/ChildMember&gt;&lt;ChildMember Code=&quot;ITC4&quot; HasMetadata=&quot;false&quot; HasOnlyUnitMetadata=&quot;false&quot; HasChild=&quot;0&quot;&gt;&lt;Name LocaleIsoCode=&quot;en&quot;&gt;Lombardia&lt;/Name&gt;&lt;Name LocaleIsoCode=&quot;it&quot;&gt;Lombardia&lt;/Name&gt;&lt;/ChildMember&gt;&lt;/ChildMember&gt;&lt;ChildMember Code=&quot;ITD&quot; HasMetadata=&quot;false&quot; HasOnlyUnitMetadata=&quot;false&quot; HasChild=&quot;1&quot;&gt;&lt;Name LocaleIsoCode=&quot;en&quot;&gt;Nord-est&lt;/Name&gt;&lt;Name LocaleIsoCode=&quot;it&quot;&gt;Nord-est&lt;/Name&gt;&lt;ChildMember Code=&quot;ITDA&quot; HasMetadata=&quot;false&quot; HasOnlyUnitMetadata=&quot;false&quot; HasChild=&quot;0&quot;&gt;&lt;Name LocaleIsoCode=&quot;en&quot;&gt;Trentino Alto Adige / Südtirol&lt;/Name&gt;&lt;Name LocaleIsoCode=&quot;it&quot;&gt;Trentino Alto Adige / Südtirol&lt;/Name&gt;&lt;/ChildMember&gt;&lt;ChildMember Code=&quot;ITD1&quot; HasMetadata=&quot;false&quot; HasOnlyUnitMetadata=&quot;false&quot; HasChild=&quot;0&quot;&gt;&lt;Name LocaleIsoCode=&quot;en&quot;&gt;Provincia Autonoma Bolzano / Bozen&lt;/Name&gt;&lt;Name LocaleIsoCode=&quot;it&quot;&gt;Provincia Autonoma Bolzano / Bozen&lt;/Name&gt;&lt;/ChildMember&gt;&lt;ChildMember Code=&quot;ITD2&quot; HasMetadata=&quot;false&quot; HasOnlyUnitMetadata=&quot;false&quot; HasChild=&quot;0&quot;&gt;&lt;Name LocaleIsoCode=&quot;en&quot;&gt;Provincia Autonoma Trento&lt;/Name&gt;&lt;Name LocaleIsoCode=&quot;it&quot;&gt;Provincia Autonoma Trento&lt;/Name&gt;&lt;/ChildMember&gt;&lt;ChildMember Code=&quot;ITD3&quot; HasMetadata=&quot;false&quot; HasOnlyUnitMetadata=&quot;false&quot; HasChild=&quot;0&quot;&gt;&lt;Name LocaleIsoCode=&quot;en&quot;&gt;Veneto&lt;/Name&gt;&lt;Name LocaleIsoCode=&quot;it&quot;&gt;Veneto&lt;/Name&gt;&lt;/ChildMember&gt;&lt;ChildMember Code=&quot;ITD4&quot; HasMetadata=&quot;false&quot; HasOnlyUnitMetadata=&quot;false&quot; HasChild=&quot;0&quot;&gt;&lt;Name LocaleIsoCode=&quot;en&quot;&gt;Friuli-Venezia Giulia&lt;/Name&gt;&lt;Name LocaleIsoCode=&quot;it&quot;&gt;Friuli-Venezia Giulia&lt;/Name&gt;&lt;/ChildMember&gt;&lt;ChildMember Code=&quot;ITD5&quot; HasMetadata=&quot;false&quot; HasOnlyUnitMetadata=&quot;false&quot; HasChild=&quot;0&quot;&gt;&lt;Name LocaleIsoCode=&quot;en&quot;&gt;Emilia-Romagna&lt;/Name&gt;&lt;Name LocaleIsoCode=&quot;it&quot;&gt;Emilia-Romagna&lt;/Name&gt;&lt;/ChildMember&gt;&lt;/ChildMember&gt;&lt;ChildMember Code=&quot;ITE&quot; HasMetadata=&quot;false&quot; HasOnlyUnitMetadata=&quot;false&quot; HasChild=&quot;1&quot;&gt;&lt;Name LocaleIsoCode=&quot;en&quot;&gt;Centro (I)&lt;/Name&gt;&lt;Name LocaleIsoCode=&quot;it&quot;&gt;Centro&lt;/Name&gt;&lt;ChildMember Code=&quot;ITE1&quot; HasMetadata=&quot;false&quot; HasOnlyUnitMetadata=&quot;false&quot; HasChild=&quot;0&quot;&gt;&lt;Name LocaleIsoCode=&quot;en&quot;&gt;Toscana&lt;/Name&gt;&lt;Name LocaleIsoCode=&quot;it&quot;&gt;Toscana&lt;/Name&gt;&lt;/ChildMember&gt;&lt;ChildMember Code=&quot;ITE2&quot; HasMetadata=&quot;false&quot; HasOnlyUnitMetadata=&quot;false&quot; HasChild=&quot;0&quot;&gt;&lt;Name LocaleIsoCode=&quot;en&quot;&gt;Umbria&lt;/Name&gt;&lt;Name LocaleIsoCode=&quot;it&quot;&gt;Umbria&lt;/Name&gt;&lt;/ChildMember&gt;&lt;ChildMember Code=&quot;ITE3&quot; HasMetadata=&quot;false&quot; HasOnlyUnitMetadata=&quot;false&quot; HasChild=&quot;0&quot;&gt;&lt;Name LocaleIsoCode=&quot;en&quot;&gt;Marche&lt;/Name&gt;&lt;Name LocaleIsoCode=&quot;it&quot;&gt;Marche&lt;/Name&gt;&lt;/ChildMember&gt;&lt;ChildMember Code=&quot;ITE4&quot; HasMetadata=&quot;false&quot; HasOnlyUnitMetadata=&quot;false&quot; HasChild=&quot;0&quot;&gt;&lt;Name LocaleIsoCode=&quot;en&quot;&gt;Lazio&lt;/Name&gt;&lt;Name LocaleIsoCode=&quot;it&quot;&gt;Lazio&lt;/Name&gt;&lt;/ChildMember&gt;&lt;/ChildMember&gt;&lt;ChildMember Code=&quot;ITFG&quot; HasMetadata=&quot;false&quot; HasOnlyUnitMetadata=&quot;false&quot; HasChild=&quot;0&quot;&gt;&lt;Name LocaleIsoCode=&quot;en&quot;&gt;Mezzogiorno&lt;/Name&gt;&lt;Name LocaleIsoCode=&quot;it&quot;&gt;Mezzogiorno&lt;/Name&gt;&lt;/ChildMember&gt;&lt;ChildMember Code=&quot;ITF&quot; HasMetadata=&quot;false&quot; HasOnlyUnitMetadata=&quot;false&quot; HasChild=&quot;1&quot;&gt;&lt;Name LocaleIsoCode=&quot;en&quot;&gt;Sud&lt;/Name&gt;&lt;Name LocaleIsoCode=&quot;it&quot;&gt;Sud&lt;/Name&gt;&lt;ChildMember Code=&quot;ITF1&quot; HasMetadata=&quot;false&quot; HasOnlyUnitMetadata=&quot;false&quot; HasChild=&quot;0&quot;&gt;&lt;Name LocaleIsoCode=&quot;en&quot;&gt;Abruzzo&lt;/Name&gt;&lt;Name LocaleIsoCode=&quot;it&quot;&gt;Abruzzo&lt;/Name&gt;&lt;/ChildMember&gt;&lt;ChildMember Code=&quot;ITF2&quot; HasMetadata=&quot;false&quot; HasOnlyUnitMetadata=&quot;false&quot; HasChild=&quot;0&quot;&gt;&lt;Name LocaleIsoCode=&quot;en&quot;&gt;Molise&lt;/Name&gt;&lt;Name LocaleIsoCode=&quot;it&quot;&gt;Molise&lt;/Name&gt;&lt;/ChildMember&gt;&lt;ChildMember Code=&quot;ITF3&quot; HasMetadata=&quot;false&quot; HasOnlyUnitMetadata=&quot;false&quot; HasChild=&quot;0&quot;&gt;&lt;Name LocaleIsoCode=&quot;en&quot;&gt;Campania&lt;/Name&gt;&lt;Name LocaleIsoCode=&quot;it&quot;&gt;Campania&lt;/Name&gt;&lt;/ChildMember&gt;&lt;ChildMember Code=&quot;ITF4&quot; HasMetadata=&quot;false&quot; HasOnlyUnitMetadata=&quot;false&quot; HasChild=&quot;0&quot;&gt;&lt;Name LocaleIsoCode=&quot;en&quot;&gt;Puglia&lt;/Name&gt;&lt;Name LocaleIsoCode=&quot;it&quot;&gt;Puglia&lt;/Name&gt;&lt;/ChildMember&gt;&lt;ChildMember Code=&quot;ITF5&quot; HasMetadata=&quot;false&quot; HasOnlyUnitMetadata=&quot;false&quot; HasChild=&quot;0&quot;&gt;&lt;Name LocaleIsoCode=&quot;en&quot;&gt;Basilicata&lt;/Name&gt;&lt;Name LocaleIsoCode=&quot;it&quot;&gt;Basilicata&lt;/Name&gt;&lt;/ChildMember&gt;&lt;ChildMember Code=&quot;ITF6&quot; HasMetadata=&quot;false&quot; HasOnlyUnitMetadata=&quot;false&quot; HasChild=&quot;0&quot;&gt;&lt;Name LocaleIsoCode=&quot;en&quot;&gt;Calabria&lt;/Name&gt;&lt;Name LocaleIsoCode=&quot;it&quot;&gt;Calabria&lt;/Name&gt;&lt;/ChildMember&gt;&lt;/ChildMember&gt;&lt;ChildMember Code=&quot;ITG&quot; HasMetadata=&quot;false&quot; HasOnlyUnitMetadata=&quot;false&quot; HasChild=&quot;1&quot;&gt;&lt;Name LocaleIsoCode=&quot;en&quot;&gt;Isole&lt;/Name&gt;&lt;Name LocaleIsoCode=&quot;it&quot;&gt;Isole&lt;/Name&gt;&lt;ChildMember Code=&quot;ITG1&quot; HasMetadata=&quot;false&quot; HasOnlyUnitMetadata=&quot;false&quot; HasChild=&quot;0&quot;&gt;&lt;Name LocaleIsoCode=&quot;en&quot;&gt;Sicilia&lt;/Name&gt;&lt;Name LocaleIsoCode=&quot;it&quot;&gt;Sicilia&lt;/Name&gt;&lt;/ChildMember&gt;&lt;ChildMember Code=&quot;ITG2&quot; HasMetadata=&quot;false&quot; HasOnlyUnitMetadata=&quot;false&quot; HasChild=&quot;0&quot;&gt;&lt;Name LocaleIsoCode=&quot;en&quot;&gt;Sardegna&lt;/Name&gt;&lt;Name LocaleIsoCode=&quot;it&quot;&gt;Sardegna&lt;/Name&gt;&lt;/ChildMember&gt;&lt;/ChildMember&gt;&lt;ChildMember Code=&quot;2&quot; HasMetadata=&quot;false&quot; HasOnlyUnitMetadata=&quot;false&quot; HasChild=&quot;0&quot;&gt;&lt;Name LocaleIsoCode=&quot;en&quot;&gt;metropolitan area - centre&lt;/Name&gt;&lt;Name LocaleIsoCode=&quot;it&quot;&gt;centro area metropolitana&lt;/Name&gt;&lt;/ChildMember&gt;&lt;ChildMember Code=&quot;3&quot; HasMetadata=&quot;false&quot; HasOnlyUnitMetadata=&quot;false&quot; HasChild=&quot;0&quot;&gt;&lt;Name LocaleIsoCode=&quot;en&quot;&gt;metropolitan area - suburbs&lt;/Name&gt;&lt;Name LocaleIsoCode=&quot;it&quot;&gt;periferia area metropolitana&lt;/Name&gt;&lt;/ChildMember&gt;&lt;ChildMember Code=&quot;6&quot; HasMetadata=&quot;false&quot; HasOnlyUnitMetadata=&quot;false&quot; HasChild=&quot;0&quot;&gt;&lt;Name LocaleIsoCode=&quot;en&quot;&gt;until 2,000 inhab.&lt;/Name&gt;&lt;Name LocaleIsoCode=&quot;it&quot;&gt;fino a 2.000 ab.&lt;/Name&gt;&lt;/ChildMember&gt;&lt;ChildMember Code=&quot;7&quot; HasMetadata=&quot;false&quot; HasOnlyUnitMetadata=&quot;false&quot; HasChild=&quot;0&quot;&gt;&lt;Name LocaleIsoCode=&quot;en&quot;&gt;2,001 - 10,000 inhab.&lt;/Name&gt;&lt;Name LocaleIsoCode=&quot;it&quot;&gt;2.001 - 10.000 ab.&lt;/Name&gt;&lt;/ChildMember&gt;&lt;ChildMember Code=&quot;8&quot; HasMetadata=&quot;false&quot; HasOnlyUnitMetadata=&quot;false&quot; HasChild=&quot;0&quot;&gt;&lt;Name LocaleIsoCode=&quot;en&quot;&gt;10,001 - 50,000 inhab.&lt;/Name&gt;&lt;Name LocaleIsoCode=&quot;it&quot;&gt;10.001 - 50.000 ab.&lt;/Name&gt;&lt;/ChildMember&gt;&lt;ChildMember Code=&quot;9&quot; HasMetadata=&quot;false&quot; HasOnlyUnitMetadata=&quot;false&quot; HasChild=&quot;0&quot;&gt;&lt;Name LocaleIsoCode=&quot;en&quot;&gt;50,001 inhab. and over&lt;/Name&gt;&lt;Name LocaleIsoCode=&quot;it&quot;&gt;50.001 ab. e più&lt;/Name&gt;&lt;/ChildMember&gt;&lt;/Member&gt;&lt;/Dimension&gt;&lt;Dimension Code=&quot;TIPO_DATO_AVQ&quot; HasMetadata=&quot;false&quot; CommonCode=&quot;TIPO_DATO_AVQ&quot; Display=&quot;labels&quot;&gt;&lt;Name LocaleIsoCode=&quot;en&quot;&gt;Data type&lt;/Name&gt;&lt;Name LocaleIsoCode=&quot;it&quot;&gt;Tipo dato&lt;/Name&gt;&lt;Member Code=&quot;0_HEALTH_STAT&quot; HasMetadata=&quot;false&quot; HasChild=&quot;1&quot;&gt;&lt;Name LocaleIsoCode=&quot;en&quot;&gt;persons by health conditions and the presence of  chronic diseases &lt;/Name&gt;&lt;Name LocaleIsoCode=&quot;it&quot;&gt;persone per condizioni di salute e presenza di alcune malattie croniche&lt;/Name&gt;&lt;ChildMember Code=&quot;0_GOOD_H&quot; HasMetadata=&quot;false&quot; HasChild=&quot;0&quot;&gt;&lt;Name LocaleIsoCode=&quot;en&quot;&gt;persons  in good health&lt;/Name&gt;&lt;Name LocaleIsoCode=&quot;it&quot;&gt;persone in buona salute&lt;/Name&gt;&lt;/ChildMember&gt;&lt;ChildMember Code=&quot;0_ALEAST_1CRON&quot; HasMetadata=&quot;false&quot; HasChild=&quot;0&quot;&gt;&lt;Name LocaleIsoCode=&quot;en&quot;&gt;persons  at least a chronic disease&lt;/Name&gt;&lt;Name LocaleIsoCode=&quot;it&quot;&gt;persone  con almeno una malattia cronica&lt;/Name&gt;&lt;/ChildMember&gt;&lt;ChildMember Code=&quot;0_ALEAST_2CRON&quot; HasMetadata=&quot;false&quot; HasChild=&quot;0&quot;&gt;&lt;Name LocaleIsoCode=&quot;en&quot;&gt;persons  at least two chronic disease&lt;/Name&gt;&lt;Name LocaleIsoCode=&quot;it&quot;&gt;persone con almeno due malattie croniche&lt;/Name&gt;&lt;/ChildMember&gt;&lt;/Member&gt;&lt;Member Code=&quot;0_CHRONIC&quot; HasMetadata=&quot;false&quot; HasChild=&quot;1&quot;&gt;&lt;Name LocaleIsoCode=&quot;en&quot;&gt;persons  with chronic diseases&lt;/Name&gt;&lt;Name LocaleIsoCode=&quot;it&quot;&gt;persone con malattie croniche&lt;/Name&gt;&lt;ChildMember Code=&quot;0_CHRONIC_GH&quot; HasMetadata=&quot;false&quot; HasChild=&quot;0&quot;&gt;&lt;Name LocaleIsoCode=&quot;en&quot;&gt;persons  with chronic diseases in good health&lt;/Name&gt;&lt;Name LocaleIsoCode=&quot;it&quot;&gt;persone con malattie croniche in buona salute&lt;/Name&gt;&lt;/ChildMember&gt;&lt;ChildMember Code=&quot;0_CHRONIC_DIAB&quot; HasMetadata=&quot;false&quot; HasChild=&quot;0&quot;&gt;&lt;Name LocaleIsoCode=&quot;en&quot;&gt;chronic patients - suffering from diabetes&lt;/Name&gt;&lt;Name LocaleIsoCode=&quot;it&quot;&gt;malati cronici - affetti da diabete&lt;/Name&gt;&lt;/ChildMember&gt;&lt;ChildMember Code=&quot;0_CHRONIC_HYP&quot; HasMetadata=&quot;false&quot; HasChild=&quot;0&quot;&gt;&lt;Name LocaleIsoCode=&quot;en&quot;&gt;chronic patients - with hypertension&lt;/Name&gt;&lt;Name LocaleIsoCode=&quot;it&quot;&gt;malati cronici - affetti da ipertensione&lt;/Name&gt;&lt;/ChildMember&gt;&lt;ChildMember Code=&quot;0_CHRONIC_BRONC&quot; HasMetadata=&quot;false&quot; HasChild=&quot;0&quot;&gt;&lt;Name LocaleIsoCode=&quot;en&quot;&gt;chronic patients - suffering from chronic bronchitis&lt;/Name&gt;&lt;Name LocaleIsoCode=&quot;it&quot;&gt;malati cronici - affetti da bronchite cronica&lt;/Name&gt;&lt;/ChildMember&gt;&lt;ChildMember Code=&quot;0_CHRONIC_ARTH&quot; HasMetadata=&quot;false&quot; HasChild=&quot;0&quot;&gt;&lt;Name LocaleIsoCode=&quot;en&quot;&gt;chronic patients - suffering from osteoarthritis, arthritis&lt;/Name&gt;&lt;Name LocaleIsoCode=&quot;it&quot;&gt;malati cronici - affetti da artrosi, artrite&lt;/Name&gt;&lt;/ChildMember&gt;&lt;ChildMember Code=&quot;0_CHRONIC_OSTEO&quot; HasMetadata=&quot;false&quot; HasChild=&quot;0&quot;&gt;&lt;Name LocaleIsoCode=&quot;en&quot;&gt;chronic patients - with osteoporosis&lt;/Name&gt;&lt;Name LocaleIsoCode=&quot;it&quot;&gt;malati cronici - affetti da osteoporosi&lt;/Name&gt;&lt;/ChildMember&gt;&lt;ChildMember Code=&quot;0_CHRONIC_HEART&quot; HasMetadata=&quot;false&quot; HasChild=&quot;0&quot;&gt;&lt;Name LocaleIsoCode=&quot;en&quot;&gt;chronic patients - suffering from heart disease&lt;/Name&gt;&lt;Name LocaleIsoCode=&quot;it&quot;&gt;malati cronici - affetti da malattie del cuore&lt;/Name&gt;&lt;/ChildMember&gt;&lt;ChildMember Code=&quot;0_CHRONIC_ALLER&quot; HasMetadata=&quot;false&quot; HasChild=&quot;0&quot;&gt;&lt;Name LocaleIsoCode=&quot;en&quot;&gt;chronic patients - suffering from allergic diseases&lt;/Name&gt;&lt;Name LocaleIsoCode=&quot;it&quot;&gt;malati cronici - affetti da malattie allergiche&lt;/Name&gt;&lt;/ChildMember&gt;&lt;ChildMember Code=&quot;0_CHRONIC_NERVOUS&quot; HasMetadata=&quot;true&quot; HasChild=&quot;0&quot;&gt;&lt;Name LocaleIsoCode=&quot;en&quot;&gt;chronic patients - suffering from nervous disorders&lt;/Name&gt;&lt;Name LocaleIsoCode=&quot;it&quot;&gt;malati cronici - affetti da disturbi nervosi&lt;/Name&gt;&lt;/ChildMember&gt;&lt;ChildMember Code=&quot;0_CHRONIC_GASTR&quot; HasMetadata=&quot;false&quot; HasChild=&quot;0&quot;&gt;&lt;Name LocaleIsoCode=&quot;en&quot;&gt;chronic patients - suffering from gastric or duodenal ulcer&lt;/Name&gt;&lt;Name LocaleIsoCode=&quot;it&quot;&gt;malati cronici - affetti da ulcera gastrica o duodenale&lt;/Name&gt;&lt;/ChildMember&gt;&lt;/Member&gt;&lt;/Dimension&gt;&lt;Dimension Code=&quot;MISURA_AVQ&quot; HasMetadata=&quot;false&quot; CommonCode=&quot;MISURA_AVQ&quot; Display=&quot;labels&quot;&gt;&lt;Name LocaleIsoCode=&quot;en&quot;&gt;Measure&lt;/Name&gt;&lt;Name LocaleIsoCode=&quot;it&quot;&gt;Misura&lt;/Name&gt;&lt;Member Code=&quot;THV&quot; HasMetadata=&quot;false&quot; HasChild=&quot;0&quot;&gt;&lt;Name LocaleIsoCode=&quot;en&quot;&gt;thousands value&lt;/Name&gt;&lt;Name LocaleIsoCode=&quot;it&quot;&gt;valori in migliaia&lt;/Name&gt;&lt;/Member&gt;&lt;Member Code=&quot;HSC&quot; HasMetadata=&quot;false&quot; HasChild=&quot;0&quot; IsDisplayed=&quot;true&quot;&gt;&lt;Name LocaleIsoCode=&quot;en&quot;&gt;per 100 people with the same characteristics&lt;/Name&gt;&lt;Name LocaleIsoCode=&quot;it&quot;&gt;per 100 persone con le stesse caratteristiche&lt;/Name&gt;&lt;/Member&gt;&lt;/Dimension&gt;&lt;Dimension Code=&quot;SEXISTAT1&quot; HasMetadata=&quot;false&quot; CommonCode=&quot;SEXISTAT1&quot; Display=&quot;labels&quot;&gt;&lt;Name LocaleIsoCode=&quot;en&quot;&gt;Gender&lt;/Name&gt;&lt;Name LocaleIsoCode=&quot;it&quot;&gt;Sesso&lt;/Name&gt;&lt;Member Code=&quot;9&quot; HasMetadata=&quot;false&quot; HasOnlyUnitMetadata=&quot;false&quot; HasChild=&quot;0&quot;&gt;&lt;Name LocaleIsoCode=&quot;en&quot;&gt;total&lt;/Name&gt;&lt;Name LocaleIsoCode=&quot;it&quot;&gt;totale&lt;/Name&gt;&lt;/Member&gt;&lt;/Dimension&gt;&lt;Dimension Code=&quot;ETA1&quot; HasMetadata=&quot;false&quot; CommonCode=&quot;ETA1&quot; Display=&quot;labels&quot;&gt;&lt;Name LocaleIsoCode=&quot;en&quot;&gt;Age class&lt;/Name&gt;&lt;Name LocaleIsoCode=&quot;it&quot;&gt;Classe di età&lt;/Name&gt;&lt;Member Code=&quot;Y_GE0&quot; HasMetadata=&quot;false&quot; HasOnlyUnitMetadata=&quot;false&quot; HasChild=&quot;0&quot;&gt;&lt;Name LocaleIsoCode=&quot;en&quot;&gt;0 year and over&lt;/Name&gt;&lt;Name LocaleIsoCode=&quot;it&quot;&gt;0 anni e più&lt;/Name&gt;&lt;/Member&gt;&lt;/Dimension&gt;&lt;Dimension Code=&quot;TITOLO_STUDIO&quot; HasMetadata=&quot;false&quot; CommonCode=&quot;TITOLO_STUDIO&quot; Display=&quot;labels&quot;&gt;&lt;Name LocaleIsoCode=&quot;en&quot;&gt;Educational level&lt;/Name&gt;&lt;Name LocaleIsoCode=&quot;it&quot;&gt;Titolo di studio&lt;/Name&gt;&lt;Member Code=&quot;99&quot; HasMetadata=&quot;false&quot; HasOnlyUnitMetadata=&quot;false&quot; HasChild=&quot;0&quot;&gt;&lt;Name LocaleIsoCode=&quot;en&quot;&gt;total&lt;/Name&gt;&lt;Name LocaleIsoCode=&quot;it&quot;&gt;totale&lt;/Name&gt;&lt;/Member&gt;&lt;/Dimension&gt;&lt;Dimension Code=&quot;CONDIZIONE_DICH&quot; HasMetadata=&quot;false&quot; CommonCode=&quot;CONDIZIONE_DICH&quot; Display=&quot;labels&quot;&gt;&lt;Name LocaleIsoCode=&quot;en&quot;&gt;Occupational status&lt;/Name&gt;&lt;Name LocaleIsoCode=&quot;it&quot;&gt;Condizione e posizione nella professione&lt;/Name&gt;&lt;Member Code=&quot;99&quot; HasMetadata=&quot;false&quot; HasChild=&quot;0&quot;&gt;&lt;Name LocaleIsoCode=&quot;en&quot;&gt;total&lt;/Name&gt;&lt;Name LocaleIsoCode=&quot;it&quot;&gt;totale&lt;/Name&gt;&lt;/Member&gt;&lt;/Dimension&gt;&lt;Dimension Code=&quot;TIME&quot; HasMetadata=&quot;false&quot; CommonCode=&quot;TIME&quot; Display=&quot;labels&quot;&gt;&lt;Name LocaleIsoCode=&quot;en&quot;&gt;Select time&lt;/Name&gt;&lt;Name LocaleIsoCode=&quot;it&quot;&gt;Seleziona periodo&lt;/Name&gt;&lt;Member Code=&quot;2021&quot; HasMetadata=&quot;false&quot;&gt;&lt;Name LocaleIsoCode=&quot;en&quot;&gt;2021&lt;/Name&gt;&lt;Name LocaleIsoCode=&quot;it&quot;&gt;2021&lt;/Name&gt;&lt;/Member&gt;&lt;Member Code=&quot;2022&quot; HasMetadata=&quot;false&quot;&gt;&lt;Name LocaleIsoCode=&quot;en&quot;&gt;2022&lt;/Name&gt;&lt;Name LocaleIsoCode=&quot;it&quot;&gt;2022&lt;/Name&gt;&lt;/Member&gt;&lt;/Dimension&gt;&lt;WBOSInformations&gt;&lt;TimeDimension WebTreeWasUsed=&quot;false&quot;&gt;&lt;NumberOfPeriods Annual=&quot;2&quot; Semesters=&quot;0&quot; Quarters=&quot;0&quot; Months=&quot;0&quot; Weeks=&quot;0&quot; Days=&quot;0&quot; /&gt;&lt;/TimeDimension&gt;&lt;/WBOSInformations&gt;&lt;Tabulation Axis=&quot;horizontal&quot;&gt;&lt;Dimension Code=&quot;TIPO_DATO_AVQ&quot; CommonCode=&quot;TIPO_DATO_AVQ&quot; /&gt;&lt;/Tabulation&gt;&lt;Tabulation Axis=&quot;vertical&quot;&gt;&lt;Dimension Code=&quot;TIME&quot; CommonCode=&quot;TIME&quot; /&gt;&lt;Dimension Code=&quot;ITTER107&quot; CommonCode=&quot;ITTER107&quot; /&gt;&lt;/Tabulation&gt;&lt;Tabulation Axis=&quot;page&quot;&gt;&lt;Dimension Code=&quot;MISURA_AVQ&quot; CommonCode=&quot;MISURA_AVQ&quot; /&gt;&lt;Dimension Code=&quot;SEXISTAT1&quot; CommonCode=&quot;SEXISTAT1&quot; /&gt;&lt;Dimension Code=&quot;ETA1&quot; CommonCode=&quot;ETA1&quot; /&gt;&lt;Dimension Code=&quot;TITOLO_STUDIO&quot; CommonCode=&quot;TITOLO_STUDIO&quot; /&gt;&lt;Dimension Code=&quot;CONDIZIONE_DICH&quot; CommonCode=&quot;CONDIZIONE_DICH&quot; /&gt;&lt;/Tabulation&gt;&lt;Formatting&gt;&lt;Labels LocaleIsoCode=&quot;it&quot; /&gt;&lt;Power&gt;0&lt;/Power&gt;&lt;Decimals&gt;-1&lt;/Decimals&gt;&lt;SkipEmptyLines&gt;true&lt;/SkipEmptyLines&gt;&lt;SkipEmptyCols&gt;true&lt;/SkipEmptyCols&gt;&lt;SkipLineHierarchy&gt;true&lt;/SkipLineHierarchy&gt;&lt;SkipColHierarchy&gt;true&lt;/SkipColHierarchy&gt;&lt;Page&gt;1&lt;/Page&gt;&lt;/Formatting&gt;&lt;/DataTable&gt;&lt;Format&gt;&lt;ShowEmptyAxes&gt;true&lt;/ShowEmptyAxes&gt;&lt;Page&gt;1&lt;/Page&gt;&lt;EnableSort&gt;true&lt;/EnableSort&gt;&lt;IncludeFlagColumn&gt;false&lt;/IncludeFlagColumn&gt;&lt;IncludeTimeSeriesId&gt;false&lt;/IncludeTimeSeriesId&gt;&lt;DoBarChart&gt;false&lt;/DoBarChart&gt;&lt;FreezePanes&gt;true&lt;/FreezePanes&gt;&lt;MaxBarChartLen&gt;65&lt;/MaxBarChartLen&gt;&lt;/Format&gt;&lt;Query&gt;&lt;Name LocaleIsoCode=&quot;it&quot;&gt;Stato di salute - regioni e tipo di comune&lt;/Name&gt;&lt;AbsoluteUri&gt;http://dati.istat.it//View.aspx?QueryId=15448&amp;amp;QueryType=Public&amp;amp;Lang=it&lt;/AbsoluteUri&gt;&lt;/Query&gt;&lt;/WebTableParameter&gt;</Data></Cell>
   </Row>
   <Row ss:Height="73.5">
    <Cell ss:MergeAcross="1" ss:StyleID="m3078471772472"><Data ss:Type="String">Territorio </Data><NamedCell
      ss:Name="_FilterDatabase"/></Cell>
    <Cell ss:StyleID="s86"><Data ss:Type="String">  persone in buona salute</Data><NamedCell
      ss:Name="_FilterDatabase"/></Cell>
    <Cell ss:StyleID="s86"><Data ss:Type="String">  persone  con almeno una malattia cronica</Data><NamedCell
      ss:Name="_FilterDatabase"/></Cell>
    <Cell ss:StyleID="s86"><Data ss:Type="String">  persone con almeno due malattie croniche</Data><NamedCell
      ss:Name="_FilterDatabase"/></Cell>
    <Cell ss:StyleID="s86"><Data ss:Type="String">  persone con malattie croniche in buona salute</Data><NamedCell
      ss:Name="_FilterDatabase"/></Cell>
    <Cell ss:StyleID="s86"><Data ss:Type="String">  malati cronici - affetti da diabete</Data><NamedCell
      ss:Name="_FilterDatabase"/></Cell>
    <Cell ss:StyleID="s86"><Data ss:Type="String">  malati cronici - affetti da ipertensione</Data><NamedCell
      ss:Name="_FilterDatabase"/></Cell>
    <Cell ss:StyleID="s86"><Data ss:Type="String">  malati cronici - affetti da bronchite cronica</Data><NamedCell
      ss:Name="_FilterDatabase"/></Cell>
    <Cell ss:StyleID="s86"><Data ss:Type="String">  malati cronici - affetti da artrosi, artrite</Data><NamedCell
      ss:Name="_FilterDatabase"/></Cell>
    <Cell ss:StyleID="s86"><Data ss:Type="String">  malati cronici - affetti da osteoporosi</Data><NamedCell
      ss:Name="_FilterDatabase"/></Cell>
    <Cell ss:StyleID="s86"><Data ss:Type="String">  malati cronici - affetti da malattie del cuore</Data><NamedCell
      ss:Name="_FilterDatabase"/></Cell>
    <Cell ss:StyleID="s86"><Data ss:Type="String">  malati cronici - affetti da malattie allergiche</Data><NamedCell
      ss:Name="_FilterDatabase"/></Cell>
    <Cell ss:StyleID="s87" ss:HRef="http://dati.istat.it/OECDStat_Metadata/ShowMetadata.ashx?Dataset=DCCV_AVQ_PERSONE&amp;Coords=[TIPO_DATO_AVQ].[0_CHRONIC_NERVOUS]&amp;ShowOnWeb=true&amp;Lang=it"><Data
      ss:Type="String">  malati cronici - affetti da disturbi nervosi</Data><NamedCell
      ss:Name="_FilterDatabase"/></Cell>
    <Cell ss:StyleID="s86"><Data ss:Type="String">  malati cronici - affetti da ulcera gastrica o duodenale</Data><NamedCell
      ss:Name="_FilterDatabase"/></Cell>
   </Row>
   <Row ss:Height="13.5">
    <Cell ss:StyleID="s90"><Data ss:Type="String">    Abruzzo</Data></Cell>
    <Cell ss:StyleID="s89"><Data ss:Type="String"></Data></Cell>
    <Cell ss:StyleID="s98"><Data ss:Type="Number">70.5</Data></Cell>
    <Cell ss:StyleID="s98"><Data ss:Type="Number">39.700000000000003</Data></Cell>
    <Cell ss:StyleID="s98"><Data ss:Type="Number">21.9</Data></Cell>
    <Cell ss:StyleID="s98"><Data ss:Type="Number">44</Data></Cell>
    <Cell ss:StyleID="s98"><Data ss:Type="Number">7.4</Data></Cell>
    <Cell ss:StyleID="s98"><Data ss:Type="Number">20.100000000000001</Data></Cell>
    <Cell ss:StyleID="s98"><Data ss:Type="Number">4.9000000000000004</Data></Cell>
    <Cell ss:StyleID="s98"><Data ss:Type="Number">15.3</Data></Cell>
    <Cell ss:StyleID="s98"><Data ss:Type="Number">8.1999999999999993</Data></Cell>
    <Cell ss:StyleID="s98"><Data ss:Type="Number">4.9000000000000004</Data></Cell>
    <Cell ss:StyleID="s98"><Data ss:Type="Number">10.5</Data></Cell>
    <Cell ss:StyleID="s98"><Data ss:Type="Number">4.8</Data></Cell>
    <Cell ss:StyleID="s98"><Data ss:Type="Number">2.6</Data></Cell>
   </Row>
   <Row ss:Height="13.5">
    <Cell ss:StyleID="s90"><Data ss:Type="String">    Basilicata</Data></Cell>
    <Cell ss:StyleID="s89"><Data ss:Type="String"></Data></Cell>
    <Cell ss:StyleID="s98"><Data ss:Type="Number">65.8</Data></Cell>
    <Cell ss:StyleID="s98"><Data ss:Type="Number">38</Data></Cell>
    <Cell ss:StyleID="s98"><Data ss:Type="Number">22.5</Data></Cell>
    <Cell ss:StyleID="s98"><Data ss:Type="Number">33.6</Data></Cell>
    <Cell ss:StyleID="s98"><Data ss:Type="Number">7.5</Data></Cell>
    <Cell ss:StyleID="s98"><Data ss:Type="Number">20.5</Data></Cell>
    <Cell ss:StyleID="s98"><Data ss:Type="Number">4.4000000000000004</Data></Cell>
    <Cell ss:StyleID="s98"><Data ss:Type="Number">16.600000000000001</Data></Cell>
    <Cell ss:StyleID="s98"><Data ss:Type="Number">8.6999999999999993</Data></Cell>
    <Cell ss:StyleID="s98"><Data ss:Type="Number">4.4000000000000004</Data></Cell>
    <Cell ss:StyleID="s98"><Data ss:Type="Number">8.6</Data></Cell>
    <Cell ss:StyleID="s98"><Data ss:Type="Number">4.5999999999999996</Data></Cell>
    <Cell ss:StyleID="s98"><Data ss:Type="Number">1.9</Data></Cell>
   </Row>
   <Row ss:Height="13.5">
    <Cell ss:StyleID="s90"><Data ss:Type="String">    Calabria</Data></Cell>
    <Cell ss:StyleID="s89"><Data ss:Type="String"></Data></Cell>
    <Cell ss:StyleID="s97"><Data ss:Type="Number">64</Data></Cell>
    <Cell ss:StyleID="s97"><Data ss:Type="Number">41.2</Data></Cell>
    <Cell ss:StyleID="s97"><Data ss:Type="Number">24.8</Data></Cell>
    <Cell ss:StyleID="s97"><Data ss:Type="Number">34</Data></Cell>
    <Cell ss:StyleID="s97"><Data ss:Type="Number">8.6999999999999993</Data></Cell>
    <Cell ss:StyleID="s97"><Data ss:Type="Number">23.3</Data></Cell>
    <Cell ss:StyleID="s97"><Data ss:Type="Number">5.3</Data></Cell>
    <Cell ss:StyleID="s97"><Data ss:Type="Number">17</Data></Cell>
    <Cell ss:StyleID="s97"><Data ss:Type="Number">8.8000000000000007</Data></Cell>
    <Cell ss:StyleID="s97"><Data ss:Type="Number">4.2</Data></Cell>
    <Cell ss:StyleID="s97"><Data ss:Type="Number">11.2</Data></Cell>
    <Cell ss:StyleID="s97"><Data ss:Type="Number">4.9000000000000004</Data></Cell>
    <Cell ss:StyleID="s97"><Data ss:Type="Number">2.6</Data></Cell>
   </Row>
   <Row ss:Height="13.5">
    <Cell ss:StyleID="s90"><Data ss:Type="String">    Campania</Data></Cell>
    <Cell ss:StyleID="s89"><Data ss:Type="String"></Data></Cell>
    <Cell ss:StyleID="s98"><Data ss:Type="Number">73.3</Data></Cell>
    <Cell ss:StyleID="s98"><Data ss:Type="Number">38.200000000000003</Data></Cell>
    <Cell ss:StyleID="s98"><Data ss:Type="Number">21</Data></Cell>
    <Cell ss:StyleID="s98"><Data ss:Type="Number">46.2</Data></Cell>
    <Cell ss:StyleID="s98"><Data ss:Type="Number">7.8</Data></Cell>
    <Cell ss:StyleID="s98"><Data ss:Type="Number">19.399999999999999</Data></Cell>
    <Cell ss:StyleID="s98"><Data ss:Type="Number">6.4</Data></Cell>
    <Cell ss:StyleID="s98"><Data ss:Type="Number">14.5</Data></Cell>
    <Cell ss:StyleID="s98"><Data ss:Type="Number">7.7</Data></Cell>
    <Cell ss:StyleID="s98"><Data ss:Type="Number">3.7</Data></Cell>
    <Cell ss:StyleID="s98"><Data ss:Type="Number">11.9</Data></Cell>
    <Cell ss:StyleID="s98"><Data ss:Type="Number">5.5</Data></Cell>
    <Cell ss:StyleID="s98"><Data ss:Type="Number">2.5</Data></Cell>
   </Row>
   <Row ss:Height="13.5">
    <Cell ss:StyleID="s90"><Data ss:Type="String">    Emilia Romagna</Data></Cell>
    <Cell ss:StyleID="s89"><Data ss:Type="String"></Data></Cell>
    <Cell ss:StyleID="s98"><Data ss:Type="Number">70.900000000000006</Data></Cell>
    <Cell ss:StyleID="s98"><Data ss:Type="Number">39.5</Data></Cell>
    <Cell ss:StyleID="s98"><Data ss:Type="Number">20</Data></Cell>
    <Cell ss:StyleID="s98"><Data ss:Type="Number">47</Data></Cell>
    <Cell ss:StyleID="s98"><Data ss:Type="Number">5.3</Data></Cell>
    <Cell ss:StyleID="s98"><Data ss:Type="Number">15.8</Data></Cell>
    <Cell ss:StyleID="s98"><Data ss:Type="Number">5</Data></Cell>
    <Cell ss:StyleID="s98"><Data ss:Type="Number">15.7</Data></Cell>
    <Cell ss:StyleID="s98"><Data ss:Type="Number">6.2</Data></Cell>
    <Cell ss:StyleID="s98"><Data ss:Type="Number">3.6</Data></Cell>
    <Cell ss:StyleID="s98"><Data ss:Type="Number">11.7</Data></Cell>
    <Cell ss:StyleID="s98"><Data ss:Type="Number">3.9</Data></Cell>
    <Cell ss:StyleID="s98"><Data ss:Type="Number">2.7</Data></Cell>
   </Row>
   <Row ss:Height="13.5">
    <Cell ss:StyleID="s90"><Data ss:Type="String">    Friuli Venezia Giulia</Data></Cell>
    <Cell ss:StyleID="s89"><Data ss:Type="String"></Data></Cell>
    <Cell ss:StyleID="s97"><Data ss:Type="Number">70.3</Data></Cell>
    <Cell ss:StyleID="s97"><Data ss:Type="Number">41.5</Data></Cell>
    <Cell ss:StyleID="s97"><Data ss:Type="Number">21.4</Data></Cell>
    <Cell ss:StyleID="s97"><Data ss:Type="Number">46.6</Data></Cell>
    <Cell ss:StyleID="s97"><Data ss:Type="Number">5.7</Data></Cell>
    <Cell ss:StyleID="s97"><Data ss:Type="Number">19.5</Data></Cell>
    <Cell ss:StyleID="s97"><Data ss:Type="Number">5.4</Data></Cell>
    <Cell ss:StyleID="s97"><Data ss:Type="Number">16.399999999999999</Data></Cell>
    <Cell ss:StyleID="s97"><Data ss:Type="Number">6.5</Data></Cell>
    <Cell ss:StyleID="s97"><Data ss:Type="Number">4.2</Data></Cell>
    <Cell ss:StyleID="s97"><Data ss:Type="Number">11.4</Data></Cell>
    <Cell ss:StyleID="s97"><Data ss:Type="Number">4.3</Data></Cell>
    <Cell ss:StyleID="s97"><Data ss:Type="Number">2.4</Data></Cell>
   </Row>
   <Row ss:Height="13.5">
    <Cell ss:StyleID="s90"><Data ss:Type="String">    Lazio</Data></Cell>
    <Cell ss:StyleID="s89"><Data ss:Type="String"></Data></Cell>
    <Cell ss:StyleID="s97"><Data ss:Type="Number">72.400000000000006</Data></Cell>
    <Cell ss:StyleID="s97"><Data ss:Type="Number">40</Data></Cell>
    <Cell ss:StyleID="s97"><Data ss:Type="Number">21.1</Data></Cell>
    <Cell ss:StyleID="s97"><Data ss:Type="Number">47.4</Data></Cell>
    <Cell ss:StyleID="s97"><Data ss:Type="Number">6.3</Data></Cell>
    <Cell ss:StyleID="s97"><Data ss:Type="Number">18.600000000000001</Data></Cell>
    <Cell ss:StyleID="s97"><Data ss:Type="Number">6.3</Data></Cell>
    <Cell ss:StyleID="s97"><Data ss:Type="Number">14.9</Data></Cell>
    <Cell ss:StyleID="s97"><Data ss:Type="Number">8.9</Data></Cell>
    <Cell ss:StyleID="s97"><Data ss:Type="Number">4.2</Data></Cell>
    <Cell ss:StyleID="s97"><Data ss:Type="Number">11</Data></Cell>
    <Cell ss:StyleID="s97"><Data ss:Type="Number">4.5</Data></Cell>
    <Cell ss:StyleID="s97"><Data ss:Type="Number">1.8</Data></Cell>
   </Row>
   <Row ss:Height="13.5">
    <Cell ss:StyleID="s90"><Data ss:Type="String">    Liguria</Data></Cell>
    <Cell ss:StyleID="s89"><Data ss:Type="String"></Data></Cell>
    <Cell ss:StyleID="s98"><Data ss:Type="Number">71</Data></Cell>
    <Cell ss:StyleID="s98"><Data ss:Type="Number">42.9</Data></Cell>
    <Cell ss:StyleID="s98"><Data ss:Type="Number">22</Data></Cell>
    <Cell ss:StyleID="s98"><Data ss:Type="Number">49</Data></Cell>
    <Cell ss:StyleID="s98"><Data ss:Type="Number">5.7</Data></Cell>
    <Cell ss:StyleID="s98"><Data ss:Type="Number">19.8</Data></Cell>
    <Cell ss:StyleID="s98"><Data ss:Type="Number">7.3</Data></Cell>
    <Cell ss:StyleID="s98"><Data ss:Type="Number">15.4</Data></Cell>
    <Cell ss:StyleID="s98"><Data ss:Type="Number">8.9</Data></Cell>
    <Cell ss:StyleID="s98"><Data ss:Type="Number">4.9000000000000004</Data></Cell>
    <Cell ss:StyleID="s98"><Data ss:Type="Number">11.3</Data></Cell>
    <Cell ss:StyleID="s98"><Data ss:Type="Number">4.4000000000000004</Data></Cell>
    <Cell ss:StyleID="s98"><Data ss:Type="Number">1.6</Data></Cell>
   </Row>
   <Row ss:Height="13.5">
    <Cell ss:StyleID="s90"><Data ss:Type="String">    Lombardia</Data></Cell>
    <Cell ss:StyleID="s89"><Data ss:Type="String"></Data></Cell>
    <Cell ss:StyleID="s97"><Data ss:Type="Number">71.900000000000006</Data></Cell>
    <Cell ss:StyleID="s97"><Data ss:Type="Number">40.299999999999997</Data></Cell>
    <Cell ss:StyleID="s97"><Data ss:Type="Number">19.7</Data></Cell>
    <Cell ss:StyleID="s97"><Data ss:Type="Number">49.7</Data></Cell>
    <Cell ss:StyleID="s97"><Data ss:Type="Number">5.4</Data></Cell>
    <Cell ss:StyleID="s97"><Data ss:Type="Number">18.899999999999999</Data></Cell>
    <Cell ss:StyleID="s97"><Data ss:Type="Number">5.7</Data></Cell>
    <Cell ss:StyleID="s97"><Data ss:Type="Number">13.5</Data></Cell>
    <Cell ss:StyleID="s97"><Data ss:Type="Number">6.9</Data></Cell>
    <Cell ss:StyleID="s97"><Data ss:Type="Number">4.2</Data></Cell>
    <Cell ss:StyleID="s97"><Data ss:Type="Number">11.2</Data></Cell>
    <Cell ss:StyleID="s97"><Data ss:Type="Number">4.4000000000000004</Data></Cell>
    <Cell ss:StyleID="s97"><Data ss:Type="Number">2.2000000000000002</Data></Cell>
   </Row>
   <Row ss:Height="13.5">
    <Cell ss:StyleID="s90"><Data ss:Type="String">    Marche</Data></Cell>
    <Cell ss:StyleID="s89"><Data ss:Type="String"></Data></Cell>
    <Cell ss:StyleID="s98"><Data ss:Type="Number">69.3</Data></Cell>
    <Cell ss:StyleID="s98"><Data ss:Type="Number">38.6</Data></Cell>
    <Cell ss:StyleID="s98"><Data ss:Type="Number">21.2</Data></Cell>
    <Cell ss:StyleID="s98"><Data ss:Type="Number">42.3</Data></Cell>
    <Cell ss:StyleID="s98"><Data ss:Type="Number">5.6</Data></Cell>
    <Cell ss:StyleID="s98"><Data ss:Type="Number">18.3</Data></Cell>
    <Cell ss:StyleID="s98"><Data ss:Type="Number">5.4</Data></Cell>
    <Cell ss:StyleID="s98"><Data ss:Type="Number">15.8</Data></Cell>
    <Cell ss:StyleID="s98"><Data ss:Type="Number">7.3</Data></Cell>
    <Cell ss:StyleID="s98"><Data ss:Type="Number">4.9000000000000004</Data></Cell>
    <Cell ss:StyleID="s98"><Data ss:Type="Number">9.6</Data></Cell>
    <Cell ss:StyleID="s98"><Data ss:Type="Number">5.3</Data></Cell>
    <Cell ss:StyleID="s98"><Data ss:Type="Number">2.7</Data></Cell>
   </Row>
   <Row ss:Height="13.5">
    <Cell ss:StyleID="s90"><Data ss:Type="String">    Molise</Data></Cell>
    <Cell ss:StyleID="s89"><Data ss:Type="String"></Data></Cell>
    <Cell ss:StyleID="s97"><Data ss:Type="Number">67.3</Data></Cell>
    <Cell ss:StyleID="s97"><Data ss:Type="Number">41.6</Data></Cell>
    <Cell ss:StyleID="s97"><Data ss:Type="Number">21.3</Data></Cell>
    <Cell ss:StyleID="s97"><Data ss:Type="Number">39.5</Data></Cell>
    <Cell ss:StyleID="s97"><Data ss:Type="Number">7.6</Data></Cell>
    <Cell ss:StyleID="s97"><Data ss:Type="Number">20.3</Data></Cell>
    <Cell ss:StyleID="s97"><Data ss:Type="Number">6</Data></Cell>
    <Cell ss:StyleID="s97"><Data ss:Type="Number">14</Data></Cell>
    <Cell ss:StyleID="s97"><Data ss:Type="Number">8.4</Data></Cell>
    <Cell ss:StyleID="s97"><Data ss:Type="Number">3.5</Data></Cell>
    <Cell ss:StyleID="s97"><Data ss:Type="Number">9.8000000000000007</Data></Cell>
    <Cell ss:StyleID="s97"><Data ss:Type="Number">5.2</Data></Cell>
    <Cell ss:StyleID="s97"><Data ss:Type="Number">2.4</Data></Cell>
   </Row>
   <Row ss:Height="13.5">
    <Cell ss:StyleID="s90"><Data ss:Type="String">    Piemonte</Data></Cell>
    <Cell ss:StyleID="s89"><Data ss:Type="String"></Data></Cell>
    <Cell ss:StyleID="s98"><Data ss:Type="Number">70.3</Data></Cell>
    <Cell ss:StyleID="s98"><Data ss:Type="Number">40.1</Data></Cell>
    <Cell ss:StyleID="s98"><Data ss:Type="Number">19.8</Data></Cell>
    <Cell ss:StyleID="s98"><Data ss:Type="Number">46.3</Data></Cell>
    <Cell ss:StyleID="s98"><Data ss:Type="Number">6.1</Data></Cell>
    <Cell ss:StyleID="s98"><Data ss:Type="Number">19.7</Data></Cell>
    <Cell ss:StyleID="s98"><Data ss:Type="Number">4.5999999999999996</Data></Cell>
    <Cell ss:StyleID="s98"><Data ss:Type="Number">14.1</Data></Cell>
    <Cell ss:StyleID="s98"><Data ss:Type="Number">6.5</Data></Cell>
    <Cell ss:StyleID="s98"><Data ss:Type="Number">4</Data></Cell>
    <Cell ss:StyleID="s98"><Data ss:Type="Number">10</Data></Cell>
    <Cell ss:StyleID="s98"><Data ss:Type="Number">4.4000000000000004</Data></Cell>
    <Cell ss:StyleID="s98"><Data ss:Type="Number">2.2000000000000002</Data></Cell>
   </Row>
   <Row ss:Height="13.5">
    <Cell ss:StyleID="s90"><Data ss:Type="String">    Provincia Autonoma Bolzano</Data></Cell>
    <Cell ss:StyleID="s89"><Data ss:Type="String"></Data></Cell>
    <Cell ss:StyleID="s98"><Data ss:Type="Number">81.599999999999994</Data></Cell>
    <Cell ss:StyleID="s98"><Data ss:Type="Number">33.799999999999997</Data></Cell>
    <Cell ss:StyleID="s98"><Data ss:Type="Number">15</Data></Cell>
    <Cell ss:StyleID="s98"><Data ss:Type="Number">60.9</Data></Cell>
    <Cell ss:StyleID="s98"><Data ss:Type="Number">4.5</Data></Cell>
    <Cell ss:StyleID="s98"><Data ss:Type="Number">13.9</Data></Cell>
    <Cell ss:StyleID="s98"><Data ss:Type="Number">4.4000000000000004</Data></Cell>
    <Cell ss:StyleID="s98"><Data ss:Type="Number">10.7</Data></Cell>
    <Cell ss:StyleID="s98"><Data ss:Type="Number">4.4000000000000004</Data></Cell>
    <Cell ss:StyleID="s98"><Data ss:Type="Number">3.5</Data></Cell>
    <Cell ss:StyleID="s98"><Data ss:Type="Number">11.1</Data></Cell>
    <Cell ss:StyleID="s98"><Data ss:Type="Number">4.4000000000000004</Data></Cell>
    <Cell ss:StyleID="s98"><Data ss:Type="Number">1.2</Data></Cell>
   </Row>
   <Row ss:Height="13.5">
    <Cell ss:StyleID="s90"><Data ss:Type="String">    Provincia Autonoma Trento</Data></Cell>
    <Cell ss:StyleID="s89"><Data ss:Type="String"></Data></Cell>
    <Cell ss:StyleID="s97"><Data ss:Type="Number">77.599999999999994</Data></Cell>
    <Cell ss:StyleID="s97"><Data ss:Type="Number">34.4</Data></Cell>
    <Cell ss:StyleID="s97"><Data ss:Type="Number">15.3</Data></Cell>
    <Cell ss:StyleID="s97"><Data ss:Type="Number">57.6</Data></Cell>
    <Cell ss:StyleID="s97"><Data ss:Type="Number">3.9</Data></Cell>
    <Cell ss:StyleID="s97"><Data ss:Type="Number">14.7</Data></Cell>
    <Cell ss:StyleID="s97"><Data ss:Type="Number">3.7</Data></Cell>
    <Cell ss:StyleID="s97"><Data ss:Type="Number">10.9</Data></Cell>
    <Cell ss:StyleID="s97"><Data ss:Type="Number">4.4000000000000004</Data></Cell>
    <Cell ss:StyleID="s97"><Data ss:Type="Number">4.0999999999999996</Data></Cell>
    <Cell ss:StyleID="s97"><Data ss:Type="Number">10</Data></Cell>
    <Cell ss:StyleID="s97"><Data ss:Type="Number">3.3</Data></Cell>
    <Cell ss:StyleID="s97"><Data ss:Type="Number">1.1000000000000001</Data></Cell>
   </Row>
   <Row ss:Height="13.5">
    <Cell ss:StyleID="s90"><Data ss:Type="String">    Puglia</Data></Cell>
    <Cell ss:StyleID="s89"><Data ss:Type="String"></Data></Cell>
    <Cell ss:StyleID="s97"><Data ss:Type="Number">70.3</Data></Cell>
    <Cell ss:StyleID="s97"><Data ss:Type="Number">41.2</Data></Cell>
    <Cell ss:StyleID="s97"><Data ss:Type="Number">23.4</Data></Cell>
    <Cell ss:StyleID="s97"><Data ss:Type="Number">42.7</Data></Cell>
    <Cell ss:StyleID="s97"><Data ss:Type="Number">8</Data></Cell>
    <Cell ss:StyleID="s97"><Data ss:Type="Number">20.2</Data></Cell>
    <Cell ss:StyleID="s97"><Data ss:Type="Number">5.4</Data></Cell>
    <Cell ss:StyleID="s97"><Data ss:Type="Number">15.2</Data></Cell>
    <Cell ss:StyleID="s97"><Data ss:Type="Number">9.5</Data></Cell>
    <Cell ss:StyleID="s97"><Data ss:Type="Number">5.4</Data></Cell>
    <Cell ss:StyleID="s97"><Data ss:Type="Number">11.9</Data></Cell>
    <Cell ss:StyleID="s97"><Data ss:Type="Number">4.9000000000000004</Data></Cell>
    <Cell ss:StyleID="s97"><Data ss:Type="Number">2.2000000000000002</Data></Cell>
   </Row>
   <Row ss:Height="13.5">
    <Cell ss:StyleID="s90"><Data ss:Type="String">    Sardegna</Data></Cell>
    <Cell ss:StyleID="s89"><Data ss:Type="String"></Data></Cell>
    <Cell ss:StyleID="s98"><Data ss:Type="Number">66.5</Data></Cell>
    <Cell ss:StyleID="s98"><Data ss:Type="Number">42.9</Data></Cell>
    <Cell ss:StyleID="s98"><Data ss:Type="Number">24.5</Data></Cell>
    <Cell ss:StyleID="s98"><Data ss:Type="Number">42.2</Data></Cell>
    <Cell ss:StyleID="s98"><Data ss:Type="Number">7.2</Data></Cell>
    <Cell ss:StyleID="s98"><Data ss:Type="Number">18.7</Data></Cell>
    <Cell ss:StyleID="s98"><Data ss:Type="Number">7.3</Data></Cell>
    <Cell ss:StyleID="s98"><Data ss:Type="Number">18.399999999999999</Data></Cell>
    <Cell ss:StyleID="s98"><Data ss:Type="Number">11.2</Data></Cell>
    <Cell ss:StyleID="s98"><Data ss:Type="Number">5.0999999999999996</Data></Cell>
    <Cell ss:StyleID="s98"><Data ss:Type="Number">11.4</Data></Cell>
    <Cell ss:StyleID="s98"><Data ss:Type="Number">4.4000000000000004</Data></Cell>
    <Cell ss:StyleID="s98"><Data ss:Type="Number">2.2000000000000002</Data></Cell>
   </Row>
   <Row ss:Height="13.5">
    <Cell ss:StyleID="s90"><Data ss:Type="String">    Sicilia</Data></Cell>
    <Cell ss:StyleID="s89"><Data ss:Type="String"></Data></Cell>
    <Cell ss:StyleID="s97"><Data ss:Type="Number">70.7</Data></Cell>
    <Cell ss:StyleID="s97"><Data ss:Type="Number">37.700000000000003</Data></Cell>
    <Cell ss:StyleID="s97"><Data ss:Type="Number">21.1</Data></Cell>
    <Cell ss:StyleID="s97"><Data ss:Type="Number">40.4</Data></Cell>
    <Cell ss:StyleID="s97"><Data ss:Type="Number">7.2</Data></Cell>
    <Cell ss:StyleID="s97"><Data ss:Type="Number">18.8</Data></Cell>
    <Cell ss:StyleID="s97"><Data ss:Type="Number">5.8</Data></Cell>
    <Cell ss:StyleID="s97"><Data ss:Type="Number">14.7</Data></Cell>
    <Cell ss:StyleID="s97"><Data ss:Type="Number">8.6999999999999993</Data></Cell>
    <Cell ss:StyleID="s97"><Data ss:Type="Number">4.0999999999999996</Data></Cell>
    <Cell ss:StyleID="s97"><Data ss:Type="Number">10.9</Data></Cell>
    <Cell ss:StyleID="s97"><Data ss:Type="Number">4.5999999999999996</Data></Cell>
    <Cell ss:StyleID="s97"><Data ss:Type="Number">1.6</Data></Cell>
   </Row>
   <Row ss:Height="13.5">
    <Cell ss:StyleID="s90"><Data ss:Type="String">    Toscana</Data></Cell>
    <Cell ss:StyleID="s89"><Data ss:Type="String"></Data></Cell>
    <Cell ss:StyleID="s98"><Data ss:Type="Number">72.3</Data></Cell>
    <Cell ss:StyleID="s98"><Data ss:Type="Number">41.6</Data></Cell>
    <Cell ss:StyleID="s98"><Data ss:Type="Number">21.2</Data></Cell>
    <Cell ss:StyleID="s98"><Data ss:Type="Number">48.9</Data></Cell>
    <Cell ss:StyleID="s98"><Data ss:Type="Number">5.4</Data></Cell>
    <Cell ss:StyleID="s98"><Data ss:Type="Number">17.600000000000001</Data></Cell>
    <Cell ss:StyleID="s98"><Data ss:Type="Number">6.3</Data></Cell>
    <Cell ss:StyleID="s98"><Data ss:Type="Number">15.4</Data></Cell>
    <Cell ss:StyleID="s98"><Data ss:Type="Number">8.5</Data></Cell>
    <Cell ss:StyleID="s98"><Data ss:Type="Number">5</Data></Cell>
    <Cell ss:StyleID="s98"><Data ss:Type="Number">11.4</Data></Cell>
    <Cell ss:StyleID="s98"><Data ss:Type="Number">4.5999999999999996</Data></Cell>
    <Cell ss:StyleID="s98"><Data ss:Type="Number">2.1</Data></Cell>
   </Row>
   <Row ss:Height="13.5">
    <Cell ss:StyleID="s90"><Data ss:Type="String">    Trentino Alto Adige</Data></Cell>
    <Cell ss:StyleID="s89"><Data ss:Type="String"></Data></Cell>
    <Cell ss:StyleID="s97"><Data ss:Type="Number">79.599999999999994</Data></Cell>
    <Cell ss:StyleID="s97"><Data ss:Type="Number">34.1</Data></Cell>
    <Cell ss:StyleID="s97"><Data ss:Type="Number">15.2</Data></Cell>
    <Cell ss:StyleID="s97"><Data ss:Type="Number">59.2</Data></Cell>
    <Cell ss:StyleID="s97"><Data ss:Type="Number">4.2</Data></Cell>
    <Cell ss:StyleID="s97"><Data ss:Type="Number">14.3</Data></Cell>
    <Cell ss:StyleID="s97"><Data ss:Type="Number">4</Data></Cell>
    <Cell ss:StyleID="s97"><Data ss:Type="Number">10.8</Data></Cell>
    <Cell ss:StyleID="s97"><Data ss:Type="Number">4.4000000000000004</Data></Cell>
    <Cell ss:StyleID="s97"><Data ss:Type="Number">3.8</Data></Cell>
    <Cell ss:StyleID="s97"><Data ss:Type="Number">10.5</Data></Cell>
    <Cell ss:StyleID="s97"><Data ss:Type="Number">3.8</Data></Cell>
    <Cell ss:StyleID="s97"><Data ss:Type="Number">1.2</Data></Cell>
   </Row>
   <Row ss:Height="13.5">
    <Cell ss:StyleID="s90"><Data ss:Type="String">    Umbria</Data></Cell>
    <Cell ss:StyleID="s89"><Data ss:Type="String"></Data></Cell>
    <Cell ss:StyleID="s97"><Data ss:Type="Number">70.2</Data></Cell>
    <Cell ss:StyleID="s97"><Data ss:Type="Number">44.5</Data></Cell>
    <Cell ss:StyleID="s97"><Data ss:Type="Number">24.8</Data></Cell>
    <Cell ss:StyleID="s97"><Data ss:Type="Number">46.6</Data></Cell>
    <Cell ss:StyleID="s97"><Data ss:Type="Number">5.8</Data></Cell>
    <Cell ss:StyleID="s97"><Data ss:Type="Number">22</Data></Cell>
    <Cell ss:StyleID="s97"><Data ss:Type="Number">7.1</Data></Cell>
    <Cell ss:StyleID="s97"><Data ss:Type="Number">16.3</Data></Cell>
    <Cell ss:StyleID="s97"><Data ss:Type="Number">8.1999999999999993</Data></Cell>
    <Cell ss:StyleID="s97"><Data ss:Type="Number">4.7</Data></Cell>
    <Cell ss:StyleID="s97"><Data ss:Type="Number">10.5</Data></Cell>
    <Cell ss:StyleID="s97"><Data ss:Type="Number">5.6</Data></Cell>
    <Cell ss:StyleID="s97"><Data ss:Type="Number">2.4</Data></Cell>
   </Row>
   <Row ss:Height="13.5">
    <Cell ss:StyleID="s90"><Data ss:Type="String">    Valle d'Aosta</Data></Cell>
    <Cell ss:StyleID="s89"><Data ss:Type="String"></Data></Cell>
    <Cell ss:StyleID="s97"><Data ss:Type="Number">74.3</Data></Cell>
    <Cell ss:StyleID="s97"><Data ss:Type="Number">38</Data></Cell>
    <Cell ss:StyleID="s97"><Data ss:Type="Number">17.899999999999999</Data></Cell>
    <Cell ss:StyleID="s97"><Data ss:Type="Number">49.2</Data></Cell>
    <Cell ss:StyleID="s97"><Data ss:Type="Number">5.3</Data></Cell>
    <Cell ss:StyleID="s97"><Data ss:Type="Number">16.399999999999999</Data></Cell>
    <Cell ss:StyleID="s97"><Data ss:Type="Number">5.0999999999999996</Data></Cell>
    <Cell ss:StyleID="s97"><Data ss:Type="Number">13.1</Data></Cell>
    <Cell ss:StyleID="s97"><Data ss:Type="Number">6.3</Data></Cell>
    <Cell ss:StyleID="s97"><Data ss:Type="Number">3.7</Data></Cell>
    <Cell ss:StyleID="s97"><Data ss:Type="Number">10.199999999999999</Data></Cell>
    <Cell ss:StyleID="s97"><Data ss:Type="Number">4.7</Data></Cell>
    <Cell ss:StyleID="s97"><Data ss:Type="Number">2</Data></Cell>
   </Row>
   <Row ss:AutoFitHeight="0" ss:Height="16.5">
    <Cell ss:StyleID="s90"><Data ss:Type="String">    Veneto</Data></Cell>
    <Cell ss:StyleID="s89"><Data ss:Type="String"></Data></Cell>
    <Cell ss:StyleID="s98"><Data ss:Type="Number">70.599999999999994</Data></Cell>
    <Cell ss:StyleID="s98"><Data ss:Type="Number">39.200000000000003</Data></Cell>
    <Cell ss:StyleID="s98"><Data ss:Type="Number">19.2</Data></Cell>
    <Cell ss:StyleID="s98"><Data ss:Type="Number">46.4</Data></Cell>
    <Cell ss:StyleID="s98"><Data ss:Type="Number">5.6</Data></Cell>
    <Cell ss:StyleID="s98"><Data ss:Type="Number">16.899999999999999</Data></Cell>
    <Cell ss:StyleID="s98"><Data ss:Type="Number">4.8</Data></Cell>
    <Cell ss:StyleID="s98"><Data ss:Type="Number">13.8</Data></Cell>
    <Cell ss:StyleID="s98"><Data ss:Type="Number">6.9</Data></Cell>
    <Cell ss:StyleID="s98"><Data ss:Type="Number">4.5</Data></Cell>
    <Cell ss:StyleID="s98"><Data ss:Type="Number">10</Data></Cell>
    <Cell ss:StyleID="s98"><Data ss:Type="Number">4.5999999999999996</Data></Cell>
    <Cell ss:StyleID="s98"><Data ss:Type="Number">2.4</Data></Cell>
   </Row>
  </Table>
  <WorksheetOptions xmlns="urn:schemas-microsoft-com:office:excel">
   <Print>
    <ValidPrinterInfo/>
    <VerticalResolution>0</VerticalResolution>
   </Print>
   <Selected/>
   <DoNotDisplayGridlines/>
   <TopRowVisible>1</TopRowVisible>
   <Panes>
    <Pane>
     <Number>3</Number>
     <ActiveRow>19</ActiveRow>
     <ActiveCol>5</ActiveCol>
    </Pane>
   </Panes>
   <ProtectObjects>False</ProtectObjects>
   <ProtectScenarios>False</ProtectScenarios>
  </WorksheetOptions>
  <AutoFilter x:Range="R2C1:R2C15"
   xmlns="urn:schemas-microsoft-com:office:excel">
  </AutoFilter>
 </Worksheet>
</Workbook>
