 NR.;DESCRIZIONE PROVINCIA;DESCRIZIONE UNIONE;INDIRIZZO;CAP;TELEFONO;FAX;EMAIL
1;AGRIGENTO;ALTO VERDURA E GEBBIA;c/o comune di Lucca Sicula                                  ;;;0925/60585;
2;AGRIGENTO;BOVO MARINA, ERACLEA MINOA, TORRE SALSA;c/o comune di Siculiana - P.zza Basile , 23                 ;92010;0922/818045;0922/815075;
3;AGRIGENTO;FEUDO D'ALI';c/o comune di Raffadali - Via Nazionale n. 111              ;92015;0922/475916;0922/472255;
4;AGRIGENTO;PLATANI - QUISQUINA - MAGAZZOLO;c/o comune di Cianciana -  Via ariosto, 2                   ;92012;0922/987153;0922/984232;
5;AGRIGENTO;TERRE SICANE;c/o comune di Menfi - Via Mazzini , 1                       ;92013;0925/70259;0925/70218;
6;ALESSANDRIA;ALTO MONFERRATO ACQUESE;c/o comune di Cassine - P.zza Vittorio Veneto, 1            ;15016;0144/715151;0144/714258;
7;ALESSANDRIA;BASSA VALLE SCRIVIA;Via Garibaldi 43, Castelnuovo Scrivia, AL, Italia;15053;+39 0131 826125;+39 0131 826088;segreteria@comune.castelnuovoscrivia.al.it
8;ALESSANDRIA;BASSO MONFERRATO;Piazza della Vittoria 1, Murisengo, AL, Italia;15020;+39 0141 993041;+39 0141 993759;unionecomunibassomonferrato@pec.it
9;ALESSANDRIA;CAMINO CONIOLO PONTESTURA E SOLONGHELLO;Corso Roma n. 8 c/o comune di Pontestura;;;;
10;ALESSANDRIA;CINQUE TERRE DEL MONFERRATO;S. Maria 1 c/o Comune di Ozzano Monferrato;;;;
11;ALESSANDRIA;COMUNITA' COLLINARE DEL GAVI;c/o comune di: Capriata di orba                             ;15060;0143/46102;0143/467234;
12;ALESSANDRIA;COMUNITA' COLLINARE DELLA VALCERRINA;c/o comune di Cerrina - P.zza martiri Internati, 3          ;15020;0142/943421;0142/943817;
13;ALESSANDRIA;COMUNITA' COLLINARE IL GIRASOLE;c/o comune di Oviglio - Piazza Umberto I, 3                 ;15026;0131/776123;0131/776123;
14;ALESSANDRIA;DAL TOBBIO AL COLMA;Via Umberto I, 37 - Bosio Alessandria;15060;+39 0143 684799;;
15;ALESSANDRIA;TRA STURE E PO;C/O COMUNE DI MORANO SUL PO - VIA M. BAVOSO, 20;15025;0142/85123;0142/85601;
16;ALESSANDRIA;UNIONE COLLINARE TERRE DI VIGNETI E PIETRA DA CANTONI;Via Roma, 19 - Rosignano Monferrato;15030;+39 0142/489009;+39 0142/488959;info@unionevignetiecantoni.al.it
17;ALESSANDRIA;UNIONE DEI COMUNI IL MONFERRATO DEGLI INFERNOT;Viale Unita d'Italia 17;;0142 457789;0142 936956;altavilla@pec.comune.altavillamonferrato.al.it
18;ALESSANDRIA;UNIONE DEI COMUNI MONTANI VAL LEMME;Piazza Giuseppe Garibaldi 2, Voltaggio, AL, Italia;15060;+39 010 9601214;+39 010 9600721;cuc@pec.unionevallemme.al.it
19;ALESSANDRIA;UNIONE DEI COMUNI TERRE DEL PO E COLLINE DEL MONFERRATO;c/o comune di Borgo Santo Martino - Via Roma, 2             ;15032;0142/429810;0142/429816;
20;ALESSANDRIA;UNIONE DI COMUNITA' COLLINARE BASSO GRUE-CURONE;Piazza Della Liberta 8 - Viguzzolo (AL) ;15058;00390131898749;00390131898069;info@bassogruecurone.it
21;ALESSANDRIA;UNIONE DI COMUNITA' COLLINARE DI MUNFRIN;c/o comune di Ottiglio - Via Roma n? 19                     ;15038;0142/ 921129;0142/ 921120;
22;ALESSANDRIA;UNIONE MONTANA ALTO MONFERRATO ALERAMICO;via Negri di Sanfront, n.10, Ponzone (AL), Italia ;15010;+39 0144/78000;+39 0144/78362;segreteria@um.altomonferratoaleramico.al.it
23;ALESSANDRIA;UNIONE MONTANA SUOL D'ALERAMO;Piazza XX Settembre 2 -  Ponti (AL)     ;15010;;;unionemontanasuoldaleramo@gmail.com
24;ALESSANDRIA;UNIONE MONTANA TERRE ALTE;Via Umberto I n.35, Cantalupo Ligure, AL, Italia ;15060;+39 0143 90960 90946;+39 0143 90880;comunecantalupo@pec.it
25;ALESSANDRIA;UNIONE MONTANA TRA LANGA E ALTO MONFERRATO;Via Colombara 41, Cassinelle, AL, Italia;15070;+39 0143.848129 ;+39 0143.848139;um.tralangaealtomonferrato@gmail.com
26;ALESSANDRIA;UNIONE MONTANA VALLI BORBERA E SPINTI;Via de Rossi, 20, 15070 Trisobbio AL,  Italia;15060;+39  0143 871162  -  3491051926;+39 0143 697298;unionevalliborberaespinti@legalmail.it
27;ALESSANDRIA;UNIONE MONTANA VALLI CURONE GRUE E OSSONA;Piazza IV novembre, 2, Monleale, AL, Italia;15059;+39 0131 80191;+39 0131 806352 ;unionevalcuronegrue@pec.it
28;ALESSANDRIA;UNIONE TERRE DI FIUME;via Manzoni n.1, Sale, AL, Italia;15045;+39 0131 845512;+39 0131 828288;sale@cert.ruparpiemonte.it
29;ANCONA;BELVEDERE OSTRENSE - MORRO D'ALBA - SAN MARCELLO;c/o comune di San Marcello Via Cimitero, 12                 ;60030;0731/267014;0731/267117;
30;ANCONA;DELLA MEDIA VALLESINA;c/o comune di Maiolati Spontini - Via Fornace n. 23         ;60030;0731/702972;0731/702816;
31;ANCONA;LE TERRE DELLA MARCA SENONE;Senigallia, AN, Italia;60019;;;
32;ANCONA;MISA-NEVOLA;C/O COMUNE DI CORINALDO - VIA DEL CORSO, 9;60013;071/67191;071/67019;
33;ANCONA;MONTEMARCIANO E MONTE SAN VITO;Via Umberto I, 20;60018;;;
34;ANCONA;UNIONE DEI COMUNI DI CASTELBELLINO E MONTE ROBERTO;piazza San Marco n. 15, Castelbellino (AN), Italia;60030;+39 0731 701606;+39 0731 703564;comune@castelbellino.pannet.it
35;ANCONA;UNIONE MONTANA DELL'ESINO FRASASSI;Via Dante, 268 - 60044 Fabriano;;0732 6951;0732 695251;info@cmesinofrasassi.it
36;ANCONA;UNIONE TERRA DEI CASTELLI;c/o comune di Agugliano - Via Leopardi, 3                   ;60020;071/9090320;071/908213;
37;AOSTA;UNITE' DES COMMUNES VALDOTAINES    GRAND-PARADIS;Localita Champagne, 53 - Villeneuve - Valle d'Aosta, IT;11018;+39 0165 92180;+39 0165 921811;info@cm-grandparadis.vda.it
38;AOSTA;UNITE' DES COMMUNES VALDOTAINES    MONT-ROSE;Via Perloz 44 - Pont-Saint-Martin AO, IT;11026;+39 0125 80873;+39 0125804537;info@cm-montrose.vda.it
39;AOSTA;UNITE' DES COMMUNES VALDOTAINES    WALSER;Localita Capoluogo, 27 - ISSIME, AO -IT;11020;+39 0125344075;+39 0125344138 ;info@cm-walser.vda.it 
40;AOSTA;UNITE' DES COMMUNES VALDOTAINES   MONT-CERVIN;Via Martiri della Liberta, 3 Chatillon, AO, IT;11024;+39 0166569711;+39 0166 569777;protocollo@pec.cm-montecervino.vda.it
41;AOSTA;UNITE' DES COMMUNES VALDOTAINES   MONT-EMILIUS;Localita Champeille, 8 Quart, AO - IT;11020;+39 0165 765355;+39 0165 765554;info@cm-montemilius.vda.it
42;AOSTA;UNITE' DES COMMUNES VALDOTAINES  EVANCON;Via delle Murasse, 1/d Verres, AO, IT;11029;+39 0125 929269;;info@cm-evancon.vda.it
43;AOSTA;UNITE' DES COMMUNES VALDOTAINES GRAND-COMBIN;CHEZ RONCOZ, 29 i - Gignod, Vallee d?Aoste, IT;11010;+39 0165 256611;+39 0165 256636;protocollo@pec.cm-grandcombin.vda.it 
44;AOSTA;UNITE' DES COMMUNES VALDOTAINES VALDIGNE-MONT-BLANC;Piazza Cavalieri di Vittorio Veneto 2, La Salle, AO, Italia;11015; +39 0165 86 25 45 / 46;+39 0165 86 28 49;info@cm-valdigne.vda.it
45;AREZZO;UNIONE DEI COMUNI MONTANI DEL CASENTINO;Via Roma, 203;;0575/5071;0575/507230 ;
46;AREZZO;UNIONE DEI COMUNI PRATOMAGNO;Via Perugia, 2A Loro Ciuffenna;52024;055/917021;055/9172759;
47;AREZZO;UNIONE MONTANA DEI COMUNI DELLA VALTIBERINA TOSCANA;via San Giuseppe, 32 Sansepolcro (AR);52037;00390575/7301;00390575/730201;segreteria@valtiberina.toscana.it
48;ASCOLI PICENO;UNIONE MONTANA DEI SIBILLINI;P.zza IV Novembre, 2 - 63087 Comunanza;;0736 844526;0736 843182;cmsibillini@comunitamontanasibillini.it
49;ASCOLI PICENO;UNIONE MONTANA DEL TRONTO E VALFLUVIONE;Via della Cartiera, 1 - 63100 Ascoli Piceno;;0736 251746;0736 243425;infoposta@cmtronto.it
50;ASCOLI PICENO;VALLATA DEL TRONTO;c/o comune di castel di lama Via Carrafo, 20                ;63031;0736/890298;0736/890349;
51;ASTI;COLLI DEL MONFERRATO;Via Roma 50, Villafranca D'Asti, AT, Italia;14018;+39 0141 943071;+39 0141 941235;collidelmonferrato@cert.ruparpiemonte.it
52;ASTI;COMUNITA' COLLINARE COLLINE ALFIERI;c/o comune di San Damiano di Asti - P.zza Liberta, 1        ;14015;0141/975056;0141/982582;
53;ASTI;COMUNITA' COLLINARE TRA LANGA E MONFERRATO;c/o comune di Costigliole di Asti - Via Verdi, 15           ;14100;0141/599000;0141/590399;
54;ASTI;COMUNITA' COLLINARE VAL RILATE;c/o comune di Montechiaro di Asti                           ;14025;0141/999136;0141/990775;
55;ASTI;COMUNITA' COLLINARE VAL TIGLIONE E DINTORNI;c/o comune di Montaldo Scarampi - Via G. B. Binello, 85     ;14040;0141/953040;0141/952188;
56;ASTI;COMUNITA' COLLINARE VALTRIVERSA;c/o comune di Castellero - P.zza Romita, 2                  ;14013;0141/669180;0141/669666;
57;ASTI;COMUNITA' COLLINARE VIA FULVIA;c/o comune di Cerro Tanaro - P.zza Liberta, 1               ;14030;0141/409114;;
58;ASTI;COMUNITA' COLLINARE VIGNE E VINI;c/o comune di Incisa Scapaccino - Piazza Ferraro, 10        ;14045;0141/74040;0141/74661;
59;ASTI;DEI COLLI DIVINI NEL CUORE DEL MONFERRATO;c/o comune di Grana - Corso Garibaldi, 39                   ;14030;0141/92623;0141/924185;
60;ASTI;MONFERRATO VALLE VERSA;c/o comune di Castello Alfero - P.zza Castello, 2           ;14030;0141-92623;0141/924185;
61;ASTI;RIVIERA DEL MONFERRATO;Via del Collegio n.3, Cocconato, AT, Italia;14023;+39 0141 907007;+39 0141 907677;rivieradelmonferrato@pec.rivieradelmonferrato.info
62;ASTI;TERRE ASTIANE;Piazza Merlino 1, Isola d'Asti, AT, Italia ;14057;+39 0141 958134    ;+39 0141 958866 ;unione.terreastiane@cert.ruparpiemonte.it
63;ASTI;TERRE DI VINI E DI TARTUFI;Piazza Liberta 2, San Damiano D'Asti, AT, Italia;14015;+39 0141 975056;+39 0141 982582;unione.vinietartufi@pec.it
64;ASTI;UNIONE DALLA PIANA ALLE COLLINE;Piazza Tommaso Villa 3, Valfenera, AT, Italia;14017;+39 0141 932008;+39 0141 932009;protocollo.unionepianacolline@pec.it
65;ASTI;UNIONE DEI COMUNI TERRE DEL TARTUFO;Piazza Buronzo 2, Moncalvo, AT, Italia;14036;+39 0141 917104;+39 0141 917352;segreteria.moncalvo@libero.it
66;ASTI;UNIONE DI COMUNI FILARI E CASTELLI;VIA ROMA 37, CANELLI, AT, ITALIA;14053;+39 0141 820220-259;+39 0141 820248;segreteria@unionecanellimoasca.it
67;ASTI;UNIONE MONTANA LANGA ASTIGIANA VAL BORMIDA;Via Roma, 8, Roccaverano, AT, Italia;14050;+39 0144 93244;;info@langastigiana.at.it 
68;ASTI;UNIONE VALLI ASTIGIANE;c/o  Comune di Montiglio Monferrato - Piazza Umberto I?, 1 (AT);14026;+39 0141994008;+39 0141691928;unione.valli.astigiane@gmail.com
69;AVELLINO;ANTICO CLANIS;c/o comune di Avella P.zza Municipio                        ;83021;081/8259311;0815103714;
70;AVELLINO;TERRE DELL'UFITA;Corso Vittorio Veneto 247, Grottaminarda, AV, Italia;83035;+39 0825 445030;+39 0825 445030;sua-info@unioneterreufita.it
71;AVELLINO;UNIONE DEI COMUNI DEL BAIANESE ALTO CLANIS;Piazza Municipio 1, Avella, AV, Italia;83021;+39 081 8259342;+39 081 8259315;amministrativa.avella@cert.irpinianet.eu
72;AVELLINO;UNIONE DEI COMUNI MEDIO CALORE;Via Roma,102;83030;0825 962308 ;;
73;BARI;UNIONE DEI COMUNI DELL'ALTA MURGIA - UNICAM;C/O COMUNE DI ALTAMURA (BA) SEDE OPERATIVA  - V.LE REGINA MARGHERITA 37/B;70022;080/3114600- 3101937;080/9675616;
74;BARLETTA-ANDRIA-TRANI;UNIONE DEI COMUNI ARO 2 BARLETTA ANDRIA TRANI;via Bosio n. 74, Andria, BT, Italia;76123;+39 0883 261158;+39 0883 261158;unione@unionearo2bt.it
75;BARLETTA-ANDRIA-TRANI;UNIONE DEI COMUNI TAVOLIERE MERIDIONALE;c/o comune di: Trinitapoli - P.zza Umberto I, 11            ;71049;0883/636306;0883/634688;
76;BELLUNO;BASSOFELTRINO - SETTE VILLE;Via Feltre, 4/C QUERO (BL) ;32030;3341436648;;info@bassofeltrino.it
77;BELLUNO;CADORE LONGARONESE ZOLDO;Piazza I Novembre, 1 -  Longarone (BL);32013;;;unionemontana@clz.bl.it
78;BELLUNO;CENTRO CADORE;Viale Marconi 9, Calalzo di Cadore, BL, Italia;32042;+39 0435 9888;+39 0435 9889;amministrativo@unmontana.centrocadore.bl.it
79;BELLUNO;FELTRINA;Viale C.Rizzarda, 21, Feltre, BL, Italia;32032;+39 0439/302671;+39 0439/317628;segreteria.comunita@feltrino.bl.it
80;BELLUNO;UNIONE DELLA VALLE DEL BIOIS PER I SERVIZI COMUNALI;c/o comune falcade                                          ;32020;0437/509910;0437/581684;
81;BELLUNO;UNIONE MONTANA AGORDINA;Via IV Novembre, 2, Agordo, BL, Italia;32021;+39 0437/62390;+39  0437/62043;unione.montana@agordino.bl.it
82;BELLUNO;UNIONE MONTANA ALPAGO;Piazza Papa Luciani 7, Puos D'Alpago, BL, Italia;32015;+39 0437 454358-454669;+39 0437 46433;cma.affarigenerali@alpago.bl.it
83;BELLUNO;UNIONE MONTANA BELLUNESE BELLUNO- PONTE NELLE ALPI;Via Feltre 109, Belluno, BL, Italia;32100;+39 0437 940283;+39 0437 943011;segreteria@cm-bellunese.it
84;BELLUNO;UNIONE MONTANA COMELICO;via Dante Alighieri, 3, Santo Stefano di Cadore, BL, Italia;32045;+39 0435 62436;+39 0435 62113;segretario@cmcs.it
85;BELLUNO;UNIONE MONTANA DELLA VALLE DEL BOITE;Via Frate Tomaso de Luca n. 5, Borca di Cadore, BL, Italia;32040;+39 0435 482449;+39 0435 482576;protocollo.cmvb@valboite.bl.it
86;BELLUNO;UNIONE MONTANA VAL BELLUNA;Via dei Giardini 17, Sedico, BL, Italia;32036;+39 0437 852896;+39 0437 856070;protocollo@valbelluna.bl.it
87;BENEVENTO;SANTI SANNITI;c/o comune di San Giorgio del Sannio - P.zza IV Novembre    ;82018;0824/334911;0824/334905;
88;BERGAMO;ALME' E VILLA D'ALME';c/o comune di Alme - Via G. Marconi, 12                     ;24011;035/6321111;035/639709;
89;BERGAMO;ASTA DEL SERIO;Piazzale Monte Grappa n. 3, Ardesio;24020;;;
90;BERGAMO;DELLA PRESOLANA;C/O COMUNE DI ROVETTA - VIA SAN GIOVANNI XXIII, 12;24020;0346/72018;0346/74601;
91;BERGAMO;TERRE DEL SERIO;Via Antonio Locatelli 2, Bariano, BG, Italia;24050;+39 0363 960890;+39 0363 959658;info@unione.terredelserio.it
92;BERGAMO;UNIONE COMUNALE DEI COLLI;Viale della Rimembranza 12/A, San Paolo D'Argon, BG, Italia;24060;+39 035 3848;+39 035 3848;protocollo@unionedeicolli.it
93;BERGAMO;UNIONE DI COMUNI ALTO SERIO;Piazza Dante 8, gromo, BG, Italia ;24020;0346 41128;0346 42116;segreteria.unionecomuni@comune.gromo.bg.it
94;BERGAMO;UNIONE INSIEME SUL SERIO;via Roma,13 Nembro(BG);24027;035/4127162;035/470054;amministrazione@unionesulserio.it
95;BERGAMO;UNIONE MEDIA VALLE CAVALLINA;c/o comune di Borgo di Terzo - Via Nazionale, 30            ;24060;035/822127;035/820826;
96;BIELLA;COMUNITA' COLLINARE TRA BARAGGIA E BRAMATERRA;Via Chiesa, 13 ;;00390161857;00390161857300;trabaraggiaebramaterra@interfree.it
97;BIELLA;UNIONE DEI COMUNI PREALPI BIELLESI;Via Roma, 190, Masserano, BI, Italia;13866;+39 015 96927 ;+36 015 96927;segreteria@unioneprealpibiellesi.it
98;BIELLA;UNIONE MONTANA DEI COMUNI DEL BIELLESE ORIENTALE;Via Bassetti, 1, CASAPINTA, BI, ITALIA (sede ufficio);13866;+39 015 7429065;+39 015 7429895;cmprealpibiellesi@reteunitaria.piemonte.it
99;BIELLA;UNIONE MONTANA VALLE DEL CERVO - LA BURSCH;Via B. Galliari, 50, Andorno Micca, BI, Italia;13811;+39 015 472162 / 2476008;+39 015 472735 ;info@vallecervo.it
100;BIELLA;UNIONE MONTANA VALLE ELVO;Frazione Merletto, 2, Graglia, BI, Italia;13895;+39 015 63788;+39 015 2595054;info@cmve.it
101;BOLOGNA;APPENNINO BOLOGNESE;Piazza della Pace,4 Vergato(BO);40038;051/911056;051/911983;Amvreno@amvreno.provincia.bologna.it
102;BOLOGNA;NUOVO CIRCONDARIO IMOLESE;Via BOCCACCIO,27 40026 IMOLA (BO);40026;0542603200;054234895;urp@nuovocircondarioimolese.it
103;BOLOGNA;TERRE DI PIANURA;Via San Donato 199,  Granarolo dell'Emilia, BO, Italia;40057;+39 051 6004174;+39 051 6004386;segreteria@terredipianura.it
104;BOLOGNA;UNIONE DEI COMUNI SAVENA-IDICE;VIALE RISORGIMENTO 1;40065;051/6527711;051/774690;
105;BOLOGNA;UNIONE DEI COMUNI VALLI DEL RENO, LAVINO E SAMOGGIA;C/O CASTELLETTO DI SERRAVALLE- VIA MARCONI, 70;40050;051/6710428;051/6705186;
106;BOLOGNA;UNIONE RENO GALLIERA;Via Fariselli, 4;40016;;00390518904790;unione.renogalliera@cert.provincia.bo.it
107;BOLOGNA;UNIONE TERRE D'ACQUA;Corso Italia, 70  San Giovanni in Persiceto;;051/6812701;051/825024;info@terredacqua.net
108;BRESCIA;ALPI OROBIE BRESCIANE;COM. DI EDOLO (BS) -  LARGO MAZZINI N.1;;0364/773011 - 773053;0364/71162;uff.segreteria@unionealpiorobiebresciane.bs.it
109;BRESCIA;ALTA VAL TROMPIA LA VIA DEL FERRO;Piazza Martiri della Liberta 1, Tavernole Sul Mella, BS, Italia;25060;+39 030 920108;+39 030 9220030;unione.altavaltrompia@pec.it
110;BRESCIA;ALTA VALLECAMONICA;c/o comune di Ponte di legno  - Piazzale Europa, 9          ;25056;0364/900139;0364/91658;
111;BRESCIA;BASSA VALLE CAMONICA;C/O COMUNE DI PIAN CAMUNO- VIA DON S. GELMI N. 31;25050;0364/593800;0364/593899;cinzia.cavallini@comune.piancamuno.bs.it
112;BRESCIA;DELLA VALSAVIORE;Piazza Roma, 1;25051;;00390364622675;info@unionevalsaviore.bs.it
113;BRESCIA;TERRA DEL CHIESE E NAVIGLIO;piazza Roma, 4-  Isorella (BS);25010;+39 030 9958117;+39 030 9952261;protocollo@pec.comune.isorella.bs.it
114;BRESCIA;UNIONE DEGLI ANTICHI BORGHI DI VALLECAMONICA;P.zza Alpini nr? 1;;+39 0364/22145;;info@unioneantichiborghivallecamonica.bs.it 
115;BRESCIA;UNIONE DEI COMUNI CIMBERGO PASPARDO;c/o comune di Ceto - Via Otto Marzo, 1                      ;25040;0364/434018;0364/434418;
116;BRESCIA;UNIONE DEI COMUNI DELLA VALLE DEL GARZA;c/o comune di Nave - via Paolo VI, 17                       ;25075;030/2537411;030/2533146;
117;BRESCIA;UNIONE DEI COMUNI LOMBARDA BASSA BRESCIANA OCCIDENTALE;C/O COMUNE DI ORZINUOVI (BS);;030/9942207;;
118;BRESCIA;UNIONE LOMBARDA DEI COMUNI DI PONTEVICO E ROBECCO D'OGLIO;Piazza del comune 5, Pontevico, BS, Italia;25026;+39 030 9931146;+39 030 9930312;amministrazione@unionelombardapontevicorobeccodoglio.it
119;BRESCIA;UNIONE MEDIA VALLE CAMONICA CIVILTA' DELLE PIETRE;Via Stazione, 15 - Capo di Ponte ;25044;+39 0364/42001 ;+39 0364/42571 ; info@unionemediavallecamonica.bs.it
120;BRESCIA;VALTENESI;c/o comune di Moniga del Garda - P.zza San Martino          ;25080;0365/500811;0365/500817;
121;CAGLIARI;BASSO CAMPIDANO;c/o comune di Monastir - Via Progresso n. 46                ;09023;070/91450219;070/912762-9;
122;CAGLIARI;PARTEOLLA E BASSO CAMPIDANO;c/o comune di Dolianova - Via Mazzini                       ;09041;070/740133;070/740529;
123;CAGLIARI;TREXENTA;C/O COMUNE DI SERNOBI' - VIA CAMPIONI;09040;070/9808015;070/987056;
124;CAGLIARI;UNIONE DEI COMUNI DEL GERREI;Piazza Salvatore Naitza, 5;09040;070 9560009;070956210;
125;CAGLIARI;UNIONE DEI COMUNI DEL SARRABUS;piazza Europa n.1 - 09043 Muravera (CA);09043;+39 0709/9000313 ;+39 0709/931204;unionecomunisarrabus@tiscali.it
126;CAGLIARI;UNIONE DEI COMUNI DI NORA E BITHIA;Via Cagliari, 59 - Teulada (CA);09019;;;info@unionenoraebithia.it
127;CAGLIARI;UNIONE DEI COMUNI GS4;c/o siurgus donigala                                        ;;070/989836;070/989111;
128;CAGLIARI;UNIONE DEI COMUNI I NURAGHI DI MONTE IDDA E FANARIS;c/o comune di Siliqua;;070/96329202;;
129;CALTANISSETTA;TERRE DI COLLINA;c/o comune di Serradifalco - Via Duca n. 20                 ;93010;0934/935111;0934/930545;
130;CAMPOBASSO;ALTO BIFERNO;c/o comune di Busso - Via Esterna                           ;86010;0874/447133;;
131;CAMPOBASSO;BASSO BIFERNO;C/O COMUNE DI LARINO - P.ZZA DUOMO, 44;86035;;0874/825093;
132;CAMPOBASSO;DELLA VALLE DEL TAMMARO;Piazza Nerazio Prisco n. 40;;;00390874790502;
133;CAMPOBASSO;DELLE SORGENTI DEL BIFERNO;c/o comune di: bojano - Via F.Cavadini, 8                   ;86021;;0874/789270;
134;CAMPOBASSO;MEDIO SANNIO;c/o comune di Fossalto - P.zza Marconi, 4                   ;86020;0874/768005;0874/768006;
135;CAMPOBASSO;UNIONE DEI COMUNI DEL CENTRO MOLISE;c/o comune di Ripalimosani - Viale Marconi, 4               ;86025;0874/39132;0874/39736;
136;CAMPOBASSO;UNIONE DEI COMUNI DEL TAPPINO;P.zza Umberto I N. 42;86015;0039;;unione@pec.unionedeltappino.it
137;CAMPOBASSO;UNIONE DEI COMUNI MONTANI CASTELLO DI GERIONE;Corso Roma, 78, Casacalenda, CB, Italia;86043;+39 0874841237;+39 0874844010;unionegerione@gmail.com
138;CAMPOBASSO;UNIONE DEI COMUNI TIFERNUM;C.so Vittorio Emanuele III, n. 37  c/o Petrella Tifernina;86024;0874745144;0874745808;comune@comune.petrellatifernina.cb.it
139;CASERTA;ATELLA;C/O COMUNE DI SANTO ARPINO - P.ZZA UMBERTO I;81030;081/5014542;081/5012360;
140;CASERTA;MONTI TREBULANI;C/o comune di Formicola Via Ottavio Morisani                ;;0823/876240;0823/876668;
141;CASERTA;TERRA DI LAVORO;c/o Casa Comunale di S. Maria Capua Vetere - Via Albana;81055;0823 813130;0823 813234;
142;CASERTA;UNIONE DEI COMUNI AGRO UNITO;c/o comune di San Marcellino;;;;
143;CATANIA;NOCELLARA DELL'ETNA;via Paterno n. 32, Ragalna, CT, Italia;90030;+39 095 7985111;+39 0957985102;giuseppa.gemellaro@tin.it
144;CATANIA;UNIONE DEI COMUNI NEBRODI-ETNA;Via Beato Placido n.11-13, Maniace, CT, Italia ;95030;+39 095 690139;+39 095 690174;unione.comuni.nebrodietna@comune.maniace.ct.it
145;CATANIA;UNIONE TERRA DEL VERGA;P.ZA UMBERTO I - VIZZINI;;;;
146;CATANZARO;MONTE CONTESSA;c/o comune di Curinga;;;;
147;CATANZARO;MONTI MA.RE. DA TEMESA A TERINA;Corso Cavour;88040;+39 0968 96003;+39 0968 96440;leopoldo.chieffallo@comunedisanmangodaquino.it
148;CATANZARO;PRE SILA CATANZARESE;C/O COMUNE DI FOSSATO SERRALTA - CORSO V. EMANUELE III, 1;88050;0961/925393;0961/925610;
149;CATANZARO;UNIONE DEI COMUNI DEL VERSANTE IONICO;VIA PAPARO,2 ISCA MARINA;88060;0967 /546824;0967/546845;
150;CATANZARO;UNIONE DEI COMUNI DELL'ISTMO; Via Giacomo Matteotti n.4, Marcellinara (CZ) Italia;88044;+39 0961 996133;+39 0961 996209;protocollo@pec.unioneistmo.it
151;CHIETI;UNIONE DEI COMUNI DELLA VALLATA DEL FORO;Via Nicola Marcone, 42;66010;0871391543;0871391550;info@comune.ripateatina.ch.it
152;CHIETI;UNIONE DEI COMUNI MONTANI MAIELLA ORIENTALE - VERDE AVENTINO;Via Roma 5, Palena, CH, Italia;66017;+39 0872 918112;+39 0872 918447;protocollo@comunedipalena.it
153;CHIETI;UNIONE DEI COMUNI MONTANI MAIELLA-ALTA VAL DI FORO;c/o comune di Fara Filiorum Petri;;;;
154;CHIETI;UNIONE DEI MIRACOLI;Piazza Umberto I^,s.n. Casalbordino (CH);66021;0873/92191;08739219233;
155;CHIETI;UNIONE DEL SINELLO;c/o comune di: Guilmi - Via Italia, 54                      ;66050;0872/869146;0872/869214;
156;CHIETI;UNIONE MONTANA DEI COMUNI DEL SANGRO;Via Duca Degli Abruzzi, 104 - Villa Santa Maria (CH);66047;;;unionemontanacomunidelsangro@gmail.com
157;COMO;UNIONE DEI COMUNI LARIO E MONTI;Villa Zita, Torno;22020;0039031 3099;0039 031 419768;info@unionelarioemonti.it
158;COMO;UNIONE DI COMUNI LOMBARDA TERRE DI FRONTIERA UGGIATE TREVANO;c/o comune di Uggiate Trevano - P.zza della Repubblica, 1   ;22029;031/948704;031/948741;
159;COSENZA;ARBERIA;c/o comune San Demetrio Corone - P.zza F. Crispi, 5         ;87069;;;
160;COSENZA;BRETTIA UNIONE DEI COMUNI MONTI, MARE E TERME;c/o comune di Acquappesa Via Vittorio Emanuele              ;87020;0982/91163;0982/971402;
161;COSENZA;MARANO;VIA ANNUNZIATA  N.137      C/O COMUNE  DI MARANO PRINCIPATO (CS);87040;0984/856876-77;0984856146;
162;COSENZA;SOLEO;c/o comune di Belvedere Marittimo - via M. Mistorni         ;87021;0985/849080;0985/82733;
163;COSENZA;UNIONE DEI CASALI;c/o comune di: Cellara Via Roma, 99                         ;87050;0984/423889;0984/423889;
164;COSENZA;UNIONE DEI COMUNI DELL'ALTO IONIO - LA VIA DEL MARE;via Galilei, Palazzo Gatto;87075;+39 0981 505004;+39 0981 505677;protocollo@comune.villapiana.cs.it
165;COSENZA;UNIONE TERRE DEL SAVUTO;c/o comune di Rogliano Via Municipio                        ;87054;0984/961001;0984/961178;
166;CREMONA;CALVATONE E TORNATA;c/o comune di Calvatone - Via Umberto I, 134                ;26030;0375/970631;0375/97347;
167;CREMONA;LOMBARDA CENTURIATI DI BONEMERSE E MALAGNINO;via Sant'Ambrogio n. 24, 26030 Malagnino (CR);;0372 58047;0372 58358;unione.comunicenturiati@pec.regione.lombardia.it
168;CREMONA;MUNICIPIA;c/o comune di Motta Baluffi - P.zza Gaboardi, 1             ;26045;0375/969021;0375/969347;
169;CREMONA;TERRAE FLUMINIS;Piazza Comaschi Carlo n.1, Gussola, CR, Italia;26040;+39 0375 263311;+39 0375 260923;unione.terraefluminis@pec.regione.lombardia.it
170;CREMONA;TERRAE NOBILIS;Piazza Liberta 12, Sospiro, CR, Italia ;26048;+39 0372 623101;+39 0372 621275;terraenobilis@pec.it
171;CREMONA;TERRE DI PIEVI E CASTELLI;Piazza Roma 1, Torre De' Picenardi, CR, Italia;26038;+39 0375 94102;+39 0375 945064;
172;CREMONA;UNIONE DEI COMUNI LOMBARDA DEI FONTANILI;c/o comune di Romanengo - P.zza Matteotti n. 3              ;26014;0373/72117;0373/72358;
173;CREMONA;UNIONE DEI COMUNI LOMBARDA PALVARETA NOVA;C/O COMUNE DI SAN GIOVANNI IN CROCE  VIA BUSI N.18      ;26030;0375/91001;0375/311016;protocollo@comunesangiovanni.it
174;CREMONA;UNIONE DEI COMUNI LOMBARDA TRE VILLE;via Garibaldi 14, Grumello Cremonese (CR), Italia;26023;+39 0372 70148;+39 0372 729548;protocollo@grumellocremonese.it
175;CREMONA;UNIONE DEL DELMONA;via Lonati, 9, Gadesco Pieve Delmona (CR), IT;26030;+39 0372 838463;+39 0372 838464;sindaco@comunegadesco.it
176;CREMONA;UNIONE DI COMUNI LOMBARDA DI CASALBUTTANO ED UNITI, CORTE DE' CORTESI CON CIGNONE;Via Municipio 4, Casalbuttano ed Uniti, CR, Italia      ;26011;+39 0374-364466;+39 0374-364444;unione@comune.casalbuttanoeduniti.cr.it
177;CREMONA;UNIONE DI COMUNI LOMBARDA FOEDUS;c/o comune di Rivarolo del Re ed Uniti - Piazza Roma, 6, CR, Italia         ;26036;+39 0375-534032;+39 0375-534061;protocollo@uclfoedus.it  
178;CREMONA;UNIONE DI COMUNI LOMBARDA TERRA DI CASCINE;Piazza Municipio, 23, Castelverde (CR), Italia;26022;+39 0372424311;+39 0372428083;unione.terradicascine@pec.regione.lombardia.it
179;CREMONA;UNIONE LOMBARDA DEI COMUNI FLUVIALIS CIVITAS;Piazza XXV Aprile 8, Pieve d'Olmi, CR, Italia;26040;+39 0372 626131;+39 0372 626349;unione.fluvialis.civitas@pec.regione.lombardia.it
180;CREMONA;UNIONE LOMBARDA DEI COMUNI OGLIO - CIRIA;c/o comune di Corte De Frati - P.zza Roma, 1                ;26010;0372/93121;0372/93570;
181;CREMONA;UNIONE LOMBARDA SORESINESE;c/o comune di Soresina - P.zza Marconi, 7                   ;26015;;0374/340448;
182;CUNEO;COLLINE DI LANGA E DEL BAROLO;c/o comune di Monforte di Alba - Via                        ;12065;0173/78202;0173/78282;
183;CUNEO;COMUNITA' COLLINARE ROERO TARTUFO ED ARNEIS;C/O COMUNE DI SANTO STEFANO ROERO VIA CAPOLUOGO N. 23;12040;0173/90112;0173/90198;segreteria@comune.santo-stefano-roero.cn.it
184;CUNEO;UNIONE COLLINE DEL RIDDONE;;;;;
185;CUNEO;UNIONE DEI COMUNI CASTELLI TRA ROERO E MONFERRATO;piazza Roma n. 1. Govone (CN), Italia;12040;017358103;017358558;castelliroeromonferrato.cn@legalmail.it
186;CUNEO;UNIONE DEI COMUNI TERRE DELLA PIANURA;Corso Roma, 36;12038;;00390172 710322;protgenerale@pec.comune.savigliano.cn.it
187;CUNEO;UNIONE DEL FOSSANESE;c/o comune di: Fossano - via Roma,91                        ;12045;0172/699657-;0172/699621;
188;CUNEO;UNIONE MONTANA ALPI DEL MARE;Piazza Italia 64, Boves, CN, Italia;12012;+39 0171 391811;+39 0171 380091;segreteriaboves@comune.boves.cn.it
189;CUNEO;UNIONE MONTANA ALPI MARITTIME;Piazza Regina Margherita 27, Robilante, CN, Italia;12017;+39 0171 78101;+39 0171 789103;info@comune.robilante.cn.it
190;CUNEO;UNIONE MONTANA ALTA LANGA;Via Oberto 1, Bossolasco, CN, Italia ;12060;+39 0173 799000 ;+39 0173 793449 ;unione.altalanga@libero.it
191;CUNEO;UNIONE MONTANA ALTA VAL TANARO;Piazza Carrara 131, Garessio, CN, Italia;12075;+39 0174 705600;+39 0174 705645;unimontgaressio@vallinrete.org
192;CUNEO;UNIONE MONTANA BARGE - BAGNOLO;Piazza Garibaldi 11, Barge, CN, Italia;12032;+39 0175 347601;+39 0175 343623;barge@comune.barge.cn.it
193;CUNEO;UNIONE MONTANA DEI COMUNI DEL MONVISO;Via Santa Croce 4, Paesana, CN, Italia;12034;+39 0175 94273;+39 0175 987082;segreteria@unionemonviso.it
194;CUNEO;UNIONE MONTANA DEL MONTE REGALE;via Roma n.24, Vicoforte (CN);12080;+39 0174705632;+39 0174563967;vicoforte@cert.ruparpiemonte.it
195;CUNEO;UNIONE MONTANA DELLE VALLI MONREGALESI;Via Roma 1, San Michele Mondovi, CN, Italia;12080;+39 0174 705600;+39 0174 705645;unimontvico@vallinrete.org
196;CUNEO;UNIONE MONTANA MONDOLE;Via Orsi 8, Villanova Mondovi, CN, Italia;12089;+39 0174 585128 int. 6;+39 0174 585732;giampietro.rubino@gmail.it
197;CUNEO;UNIONE MONTANA VALLE GRANA;Piazza San Paolo 3, Caraglio, CN, Italia;12023;+39 0171 619492;+39 0171 618290;unionevallegrana@pec.it
198;CUNEO;UNIONE MONTANA VALLE MAIRA;Via Torretta 9, San Damiano Macra, CN, Italia;12029;+39 0171 900061;+39 0171 900161;unionevallemaira@pec.it
199;CUNEO;UNIONE MONTANA VALLE STURA;Via Martiri e Caduti per la Liberta 13, Demonte, CN, Italia;12014;+39 0171 95122 int.8;+39 0171 95416;unione.montana@vallestura.cn.it
200;CUNEO;UNIONE MONTANA VALLE VARAITA;Piazza Marconi 5, Frassino, CN, Italia;12020;+39 0175 970611;+39 0175 970650;segreteria@unionevallevaraita.it
201;CUNEO;UNIONE MONTANA VALLI MONGIA E CEVETTA-LANGA CEBANA-ALTA VALLE BORMIDA;Loc. San Bernardino, Via Case Rosse 1, Ceva, CN, Italia;12073;+39 0174 705600;+39 0174 705645;unimontceva@vallinrete.org
202;CUNEO;UNIONE MONTANA VALLI TANARO E CASOTTO;Piazza Carrara n.137 - Garessio (CN);12075;0174-805681;;segreteria@unionemontanavallitanaroecasotto.it
203;CUNEO;UNIONE TERRE DAI MILLE COLORI;c/o Comune di Casalgrasso;;;;
204;ENNA;UNIONE CORONE DEGLI EREI;c/o comune di Catenanuova -P.zza Municipio                  ;94010;0935/78711;0935/75068;
205;FERMO;VALDASO;c/o comune di Altidona - Largo Municipale, 1                ;63010;0734/936353;0734/936418;
206;FERRARA;TERRE E FIUMI;Via Mazzini 47,  Copparo, FE, Italia;44034;+39 0532 383111 ;+39 0532 861920;unioneterrefiumi@pec.unioneterrefiumi.fe.it
207;FERRARA;UNIONE DEI COMUNI TERRE DEL DELTA;PIAZZA MATTEOTTI, 60;;0533 729111;0533 729548;comune.codigoro@cert.comune.codigoro.fe.it
208;FERRARA;UNIONE DEI COMUNI VALLI E DELIZIE;Piazza Umbert I^, n.5 Portomaggiore;44015;;;
209;FIRENZE;CIRCONDARIO EMPOLESE VALDELSA;PIAZZA DELLA VITTORIA, 54 C/O EMPOLI;50100;0571/ 9803208;0571/ 9803333;
210;FIRENZE;UNIONE COMUNALE DEL CHIANTI FIORENTINO ;Via Cassia n. 49;;;;
211;FIRENZE;UNIONE DEI COMUNI VALDARNO E VALDISIEVE;COMUNE DI RUFINA (FI) -    VIA XXV APRILE N.10;50068;055/8396631;055/8396634;g.bistondi@montagnafiorentina.it
212;FIRENZE;UNIONE MONTANA DEI COMUNI   DEL MUGELLO;VIA PALMIRO TOGLIATTI, N. 45;50032;055/845271;055/8456288;ufficio.ragioneria@cm-mugello.fi.it
213;FOGGIA;CINQUE REALI SITI;PALAZZO MASSERIA EX GESUITICA - ORTA NOVA;;;;
214;FOGGIA;UNIONE DEI COMUNI CASALI DAUNI;Piazza Municipio n. 20, Casalnuovo Monterotaro, FG, Italia ;71033;+39 0881 558183 ;+39 0881 558145;unionecasalidauni@pec.it
215;FOGGIA;UNIONE DEI COMUNI DEI MONTI DAUNI;Via Soldato Leggieri 3, Bovino, FG, Italia;71023;+39 0881 984007;+39 0881 4084;santagatadipuglia@alice.it
216;FORLI'-CESENA;ROMAGNA FORLIVESE;Piazza Saffi 8 - Forli' (FC);47121;;;protocollo@romagnaforlivese.it
217;FORLI'-CESENA;UNIONE RUBICONE E MARE;Piazza Borghesi, 9;47039;0541 809611;0541 941052;protocollo@unionecomunidelrubicone.fc.it
218;FORLI'-CESENA;VALLE DEL SAVIO;Piazza del Popolo 10, Cesena (FC);47521;+39 0547 356111 ;;protocollo@unionevallesavio.it
219;FROSINONE;ANTICA TERRA DI LAVORO;c/o comune di San Giovanni Incarico - P.zza Umberto I        ;03028;0776/549801;0776/549183;
220;FROSINONE;CINQUE CITTA';C/O COMUNE DI ROCCASECCA - VIA ROMA, 36;03038;0776/567195;0776/567554;
221;FROSINONE;CIVITAS EUROPAE;c/o comune di Arpino - P.zza Municipio n. 33                ;03033;0776/852139;0776/848010;
222;FROSINONE;COMINIUM;c/o comune di Atina - P.zza Saturno,1                       ;03042;0776/6009206;0776/609191;
223;FROSINONE;DEGLI ERNICI;C/O COMUNE DI GUARCINO - VIA A. MILANI, 1;03016;0775/46007;0775/46707;
224;FROSINONE;DEL LACERNO E DEL FIBRENO;Piazza Municipio, 1;;;00390776892090;info@unionelacernofibreno.it
225;FROSINONE;MUNICIPI D'EUROPA;c/o comune di Castrocielo - Via V. Veneto                   ;03030;0776/79001;0776/79822;
226;FROSINONE;PAESI DELLA CIOCIARIA;c/o comune di Ripi - P.zza L. Manara, 12                    ;03027;0775/284010;0775/284264;
227;FROSINONE;UNIONE DEI COMUNI DELLE MAINARDE;c/o comune di Cervaro - P.zza Vittorio Emanuele,1           ;03044;0776/367001;0776366354;
228;FROSINONE;VALLE DI COMINO;c/o comune di Vicalvi - Via Delicata                        ;03030;0776/506476;0776/506512;
229;GENOVA;LE VALLI DELL'ENTELLA;Via Capitano F.Gandolfo 115, Mezzanego, GE, Italia;16046;+39 0185 336085;+39 0185 336398;unionevallientella@gmail.com
230;GENOVA;STURA ORBA E LEIRA;C/O COMUNE DI CAMPO LIGURE (GE) - VIA CONVENTO 8;16013;010/925651-925008;010/924424;
231;GENOVA;UNIONE DEI COMUNI ALTA VAL TREBBIA;Piazza Paolo Emilio Taviani 9, Montebruno, GE, Italia;16025;+39 010 955033-34;+39 010 955033;info@unionealtavaltrebbia.ge.it
232;GENOVA;UNIONE DEI COMUNI DEL GOLFO PARADISO;Via Stagno 19, Sori, GE, Italia;16031;+39 0185 733201;+39 0185 733205;area.amministrativa@comune.sori.ge.it
233;GENOVA;UNIONE DEI COMUNI DELLA VALLE DEL TEMPO;Via IV Novembre 1, Uscio, GE, Italia;16036;+39 0185 919401-02;+39 0185 919413;info@comune.uscio.ge.it
234;GENOVA;UNIONE DEI COMUNI DELLO SCRIVIA;Piazza Maccio 1, Busalla, GE, Italia;16012;+39 010.976831 ;+39 010.9640838 ;info@unionedelloscrivia.ge.it 
235;GENOVA;UNIONE DEI COMUNI MONTANI DELL'ALTA VAL D'AVETO;Piazza del Popolo 1, Santo Stefano d'Aveto, GE, Italia;16049;+39 0185 88007- 88164;+39 0185 887007;protocollo@pec.unionealtavaldaveto.ge.it
236;GORIZIA;UNIONE TERRITORIALE INTERCOMUNALE CARSO ISONZO ADRIATICO ;piazza della Repubblica, n.8-Monfalcone (GO), Italia;34074;0481 716953;0481 716919;uti.carsoisonzoadriatico@certgov.fvg.it
237;GORIZIA;UNIONE TERRITORIALE INTERCOMUNALE COLLIO - ALTO ISONZO;C.so Italia 55, Gorizia, GO, Italia;34170;+39 0481 385236;;segreteria@collio-altoisonzo.utifvg.it
238;GROSSETO;UNIONE DEI COMUNI MONTANI AMIATA GROSSETANA;Loc. San Lorenzo- Arcidosso (GR);;0564969611;0564967093;info@cm-amiata.gr.it
239;GROSSETO;UNIONE DEI COMUNI MONTANI COLLINE DEL FIORA;C/O COMUNE DI PITIGLIANO (GR)    -   VIA UGOLINI  N. 83;58017;0564/616039;0564/615596;
240;GROSSETO;UNIONE DI COMUNI MONTANA COLLINE METALLIFERE;C/O COMUNE DI MASSA MARITTIMA (GR)   -  P.ZZA DANTE ALIGHIERI;58024;0566906111;0566903530;l.monaci@unionecomunicollinemetallifere.it
241;IMPERIA;UNIONE DEI COMUNI DELL'ALTA VALLE ARROSCIA;Corso Mario Ponzoni n. 135, Pieve di Teco, IM, Italia;18026;+39 0183 36313;+39 0183 36315;protocollo@vallearroscia.org
242;IMPERIA;UNIONE DEI COMUNI DELLA VALLE DEL SAN LORENZO;Via Aurelia 70, San Lorenzo al Mare, IM, ITALIA;18017;+39 0183 930109;+39 0183 931002;segreteria@comune.sanlorenzoalmare.im.it
243;IMPERIA;UNIONE DEI COMUNI DELLE VALLI ARGENTINA E ARMEA;Via Parlamento 39, Montalto Ligure, IM , Italia;18010;+39 0184 94049;+39 0184 94164;comune.triora.im@legalmail.it
244;IMPERIA;UNIONE DEI COMUNI DELLE VALLI NERVIA E ROIA;Via Roma 50, Dolceacqua, IM, Italia;18035;+39 0184 206444 ;+39 0184 206433;segretario@dolceacqua.it
245;IMPERIA;UNIONE DEI COMUNI MONTANI DELLA VALLE PRINO;Piazza Doria, 35, Dolcedo, IM, Italia;18020;+39 0183 280004;+39 0183 280697;unionevalleprino@legalmail.it
246;IMPERIA;UNIONE VILLAREGIA;Via Nino Bixio 15, Riva Ligure, IM, Italia;18015;+39 0184 482032-23;+39 0184 487700;info@comunedirivaligure.it
247;ISERNIA;ALTO VOLTURNO;C/O COMUNE DI ACQUAVIVA DI ISERNIA;;0865/84260;;
248;ISERNIA;PENTRI;C/O COMUNE DI PESCHE - VIA ARCIPRETE BIONDI, 53;86090;0865/460023;;
249;L'AQUILA;TERRE DEI PELIGNI;Piazza Sant'Onofrio 10, Raiano, AQ, Italia;67027;+39 0864 72314;+39 0864 726133;ragioneria@comuneraiano.com
250;L'AQUILA;UNIONE DEI COMUNI MONTAGNA MARSICANA;;;;;
251;LA SPEZIA;UNIONE DEI COMUNI CINQUE TERRE-RIVIERA;Via Beverino 1, Bonassola, SP, Italia;19011;+39 0187 813811;+39 0187 813830;affarigenerali@comune.bonassola.sp.it
252;LA SPEZIA;UNIONE DEI COMUNI DELLA VAL DI VARA;Piazza Marconi 1, Sesta Godano, SP, Italia;19020;366 6168975;+ 39 0187 870921;unionevaldivara@gmail.com
253;LECCE;ANDRANO, SPONGANO E DISO;c/o comune di Diso - P.zza Municipio                        ;73030;;0386/922189;
254;LECCE;COSTA ORIENTALE;c/o comune di Santa Cesarea Terme - Via Roma, 159           ;73020;0836/949811;0836/949806;
255;LECCE;DELLE SERRE SALENTINE;c/o comune di Tuglie P.zza Massimo Di Azeglio,3             ;73058;0833/596521;0833/597124;
256;LECCE;ENTROTERRA IDRUNTINO;Via Rosario Mancini, 4 -  Bagnolo del Salento (LE) ;73020;0836/318711 ;0836/318711 ;entroterraidruntino@libero.it
257;LECCE;GRECIA SALENTINA;Piazza del Sole  Calimera (Le);73021;0832870291 ;0832870295;segreteria@greciasalentina.gov.it
258;LECCE;JONICA SALENTINA ;c/o comune di Melissano - Via Casarano, 57                  ;73040;0833/581901;;
259;LECCE;NORD SALENTO;c/o comune di Campi Salentina - P.zza Liberta, 27           ;73012;0832/720642;0832/72061;
260;LECCE;TERRA DI LEUCA;c/o comune di Gagliano del Capo - Via  Roma                 ;73034;0833/798312;0833/798330;
261;LECCE;TERRE D'ORIENTE;c/o comune di Muro Leccese Via Salentina, 126               ;73036;0836/443210;0836/443226;
262;LECCE;TERRE DI ACAYA E ROCA;c/o comune di Melendugno- via San Nicola                    ;73026;0832/832111;0832/832545;
263;LECCE;TERRE DI MEZZO;C/O COMUNE DI BOTRUGNO - P.ZZA INDIPENDENZA;73020;0836/992213;0836/997205;
264;LECCE;UNION 3;c/o comune di Leverano - via Turati                         ;73045;0832/923411;0832/923419;
265;LECCE;UNIONE DEI COMUNI DELLA MESSAPIA;Largo Caduti di Nassiryia, 2 Cavallino (LE)  ;73020;0832613112 ;0832613220 ;
266;LECCO;UNIONE DEI COMUNI LOMBARDA DELLA VALLETTA;c/o comune di: Rovagnate - Via Sacro Cuore, 24              ;23888;039/5310228;039/5311414;
267;LODI;UNIONE DI COMUNI LOMBARDA OLTRE ADDA LODIGIANO;c/o comune di Corte Palasio - P.zza Terraverde, 2           ;26834;0371/72231;0371/472000;
268;LODI;UNIONE LODIGIANA GRIFONE;Via Roma 12, Casaletto Lodigiano, LO, Italia;26852;+39 0371 71542;+39 0371 71795;unionelodigianagrifone@pec.it
269;LODI;UNIONE NORD LODIGIANO;Via Paullese 26 - Montanaso Lombardo (LO);26836;+39 0371/688210   +39  0371/68818 ;+39 0371/688201;consorzionordlodigiano@email.it
270;LUCCA;UNIONE COMUNI GARFAGNANA;Via Vittorio Emanuele 9 c/o comune di Castelnuovo di Garfagnana;;;;
271;LUCCA;UNIONE DEI COMUNI DELLA VERSILIA;VIA DELATRE, 69 SERAVEZZA (LU);55047;0584-756275 ;0584-757192 ;info@ucversilia.it
272;LUCCA;UNIONE DEI COMUNI MEDIA VALLE DEL SERCHIO;via Umberto I, BOrgo a Mozzano (LU);55023;0583/88346;0583/88248;info@ucmediavelle.it
273;MACERATA;UNIONE MONTANA DEI MONTI AZZURRI;Via Piave, 12 -62026 San Ginesio;;0733 656336;0733 656429;info@montiazzurri.it
274;MACERATA;UNIONE MONTANA MARCA DI CAMERINO;Via Venanzio Varano, 2 - 62032 Camerino;;0737 61751;0737 6175201;com.montana@comcamerino.sinp.net
275;MACERATA;UNIONE MONTANA POTENZA ESINO MUSONE;V.le Mazzini, 29/b -62027 San Severino Marche;;0733 637245;0733 634411;com.montana@comsanseverino.sinp.net
276;MANTOVA;COLLI MANTOVANI;via Beata Paola Montaldi 15, Volta Mantovana, MN, Italia;46049;+39 0376 839453;+39 0376 839429;unionecollimantovani@legalmail.it
277;MANTOVA;UNIONE DEI COMUNI DI CASTELLI MORENICI;via Garibaldi n. 12, Medole, MN, Italia;46046;0376 868001;0376 868002;unione.castellimorenici@pec.regione.lombardia.it
278;MANTOVA;UNIONE DEI COMUNI LOMBARDA ESSEVUM DI ROVERBELLA E CASTELBELFORTE;Via Solferino e S.Martino 1, Roverbella, MN, Italia;46048;+39 0376 691811;+39 0376 694515;unione.essevum@legalmail.it
279;MANTOVA;UNIONE DEI COMUNI LOMBARDA TERRA DEI GONZAGA;P.zza Europa, 1 - Bozzolo (MN), Italia;46012;+39 0376 910811;+39 0376 91105;UNIONE.TERRADEIGONZAGA@PEC.REGIONE.LOMBARDIA.IT
280;MANTOVA;UNIONE DI COMUNI LOMBARDA MINCIO PO;Piazza Marconi, 5 (MN);46030;+39 0386840111;+39 0386840055;ufficiosegreteria@comune.serravalleapo.mn.it
281;MASSA-CARRARA;UNIONE DI COMUNI MONTANA LUNIGIANA;C/O IL COMUNE DI FIVIZZANO (MS)  -  P.ZZA ALCIDE DE GASPERI;54013;585942023;;p.leoncini@cmlunigiana.ms.it
282;MESSINA;ALTO ALCANTARA;c/o comune di Mojo Alcantara - P.zza Municipio, 1           ;98030;0942/963014;0942/963003;
283;MESSINA;COMPRENSORIO DI NAXOS E TAORMINA;Giardini Naxos Piazza Abate Cacciola;;09425780227;;segretariogenerale@comune.giardini-naxos.me.it
284;MESSINA;DELLE VALLI JONICHE PELORITANE;c/o comune di Santo Alessio Siculo - P.zza Municipio, 1     ;98030;;0942/756519;
285;MESSINA;TERRA DEI LANCIA;c/o comune di Ficarra - P.zza Mattarella, 5 98062 Ficarra;98100;;;
286;MESSINA;TRINACRIA DEL TIRRENO;c/o Comune di Pace del Mela - Piazza Municipio ;98042;0909347111;0909347219;
287;MESSINA;UNIONE  VIA REGIA DELL'ALCANTARA;c/o Francavilla di Sicilia                                  ;98034;0942/982059;0942/982523;
288;MESSINA;UNIONE COSTA ALESINA;c/o Casa Municipale di Tusa;;;;
289;MESSINA;UNIONE DEI COMUNI DEI NEBRODI;c/o comune di: Longi - Via Roma, 2                          ;98070;0941/485040;0941/485401-;
290;MESSINA;UNIONE DEI NEBRODI;VIA MEDICI -SANT'AGATA DI MILITELLO;;0941913076;0941709255;
291;MESSINA;UNIONE DEI PAESI DEI NEBRODI;Via Sant'Antonio Caprileone;98070;0941950827;0941950387;info@unionepaesideinebrodi.gov.it
292;MESSINA;UNIONE VALDEMONE BIS;Via della Rinascita 16, Alcara Li Fusi, ME, Italia;98070;+39 0941 793069;+39 0941 793406;unionevaldemone@pec.linkspace.it
293;MESSINA;UNIONE VALLE DEL PATRI';c/o comune di: Castroreale - P.zza Pertini                  ;98053;090/9746087;090/9746446;
294;MESSINA;VALLE DEI NEBRODI;C/O COMUNE DI TORTORICI - VIA V. EMANUELE;98078;0941/421008;0941/421185;
295;MESSINA;VALLE DEL NISI - AREA DELLE TERME;;;;;
296;MESSINA;VALLE DEL TIRRENO;Via Torre 2,  Valdina, ME, Italia;98040;+39 090 9977008;+39 090 9977553;info@comune.valdina.me.it
297;MESSINA;VALLE DI MONTI SCUDERI;Via Itala Superiore 3, Itala, ME, Italia ;98025;+39 090.952393-9596124;+39 090.952116;info@pec.unionevalledimontescuderi.it
298;MILANO;UNIONE DEI COMUNI I FONTANILI;via Europa, 22 Vigano di Gaggiano (MI);20083;029081818;029006115;
299;MILANO;UNIONE DI COMUNI LOMBARDA ADDA MARTESANA;Via Martiri della Liberazione 11, Pozzuolo Martesana, MI, Italia ;20060;+39 02 950908221  338/6514968;+39 02 95357307 ;segreteria@comune.pozzuolomartesana.mi.it
300;MILANO;UNIONE LOMBARDA DEI COMUNI BASIANO E MASATE;c/o comune di Basiano - Via Roma, 11                        ;20060;02/9090113;02/95761764;
301;MODENA;DEL DISTRETTO CERAMICO;via Adda,50 Sassuolo(MO);41049;;;
302;MODENA;DEL SORBARA;c/o comune di Bomporto - Via per Modena, 9                  ;41030;059/800711;059/818033;
303;MODENA;TERRE DI CASTELLI;c/o comune di Vignola - Via Bellucci,1                      ;41058;059/777511;059/777563;
304;MODENA;UNIONE COMUNI MODENESI AREA NORD;c/o comune di: Medolla Via Roma, 85                         ;41036;0535/53811;0535/53809;
305;MODENA;UNIONE DEI COMUNI DEL FRIGNANO;via Giardini n.15 Pavullo (MO);41026;0536/327511;0536/23455;info@unionefrignano.mo.it
306;MODENA;UNIONE DELLE TERRE D'ARGINE;corso Alberto Pio, 91 Carpi (MO);41012;059/649111;059/649774;
307;MONZA E DELLA BRIANZA;PRIME TERRE DI BRIANZA;Via Vittorio Veneto 15, Lesmo, MB, Italia;20855;+39 039 698551;+39 039 6981008;comune.lesmo@legalmail.it
308;MONZA E DELLA BRIANZA;UNIONE DEI COMUNI DEI TRE PARCHI;Piazza Unita d'Italia n.1 (c/o Municipio di Vimercate);;;;
309;NAPOLI;UNIONE DEI COMUNI DI TRECASE - BOSCOREALE - BOSCOTRECASE;c/c comune di Trecase Via Manzoni,20                        ;80040;081/5365761;081/5369680;
310;NOVARA;BASSA SESIA;c/o comune di Carpignano Sesia - P.zza Volontari della Liber;28064;;0321/824444;
311;NOVARA;DEI COMUNI COLLINARI DEL VERGANTE - BELGIRATE, LESA, MEINA -;c/o comune di Lesa - Via portici, 2                         ;28040;0322/76421;0322/76972;
312;NOVARA;NOVARESE 2000;c/o comune di Caltignaga - Via Roma, 16                     ;28010;0321/6521140;0321/652896;
313;NOVARA;UNIONE DEI COMUNI TERRE D'ACQUE;Piazza Martiri della Liberta, 6, Vespolate, NO, Italia;28079;+39  0321 882131;+39 0321 882741;segreteria@unioneterredacque.it
314;NOVARA;UNIONE DEI COMUNI VALLE DELL'AGOGNA;Piazza Vittorio Veneto 2, Invorio, NO, Italia;28045;+39 0322.259241 ;+39 0322.255104;segreteria@comune.invorio.no.it
315;NOVARA;UNIONE MONTANA DEI DUE LAGHI;via De Angeli n. 35a, Imegna VB, Italia;28887;+39 0323 61687;+39 0323 643657;unioneduelaghi@libero.it
316;NUORO;UNIONE COMUNI D'OGLIASTRA;via La Marmora n. 8;;0782/33435;0782/33442;
317;NUORO;UNIONE COMUNI NORD OGLIASTRA;C/O COMUNE DI GIRASOLE (OG)  - VIA NAZIONALE N. 21;08040;;;
318;NUORO;UNIONE DEI COMUNI BARBAGIA;via Dante Alighieri 1 Lodine(NU);08020;0784/53492;0784/53432;info@unionecomunibarbagia.gov.it
319;NUORO;UNIONE DEI COMUNI DEL MARGHINE;Corso Umberto I n. 186 ? 08015 Macomer (NU);08015;0785/222200 ;0785/222216;info@unionemarghine.it
320;NUORO;UNIONE DEI COMUNI DEL MONTALBO;Via Isalle ;0802;0784 878648;0784 875117 ;info@unionecomunimontalbo.it
321;NUORO;UNIONE DEI COMUNI VALLE DEL CEDRINO;via Santa Veronica, Orosei (NU);08028;0784/878445;0874/878445;info@unionevalledelcedrino.it
322;NUORO;VALLE DEL PARDU E DEI TACCHI - OGLIASTRA MERIDIONALE;Vico III Dante, N. 7 -  Osini (OG)      ;08040;;;
323;ORISTANO;COSTA DEL SINIS TERRA DEI GIGANTI;Piazza Eleonora d'Arborea 1, Cabras, OR, Italia;09072;+39 0783 3971;+39 0783 391646;unionecomunicostadelsinis@pec.comune.cabras.or.it
324;ORISTANO;UNIONE DEI COMUNI DEI FENICI;localita' Gutturu Olias - Palmas Arborea (OR);09090;;0783/252502;unionedeifenici@gmail.com
325;ORISTANO;UNIONE DEI COMUNI DEL BARIGADU;Localita Giolantine ;09082;0783 60123;0783 60323 ;info@unionecomunibarigadu.it
326;ORISTANO;UNIONE DEI COMUNI DEL MONTIFERRU E ALTO CAMPIDANO;Piazza Marconi 4 -  Milis (OR) ;09070;;;
327;ORISTANO;UNIONE DEI COMUNI DEL TERRALBESE;c/o comune di Marrubiu - P.zza Manzoni                      ;09094;;0783/858209;
328;ORISTANO;UNIONE DEI COMUNI DELLA BASSA VALLE DEL TIRSO E DEL GRIGHINE;via san costantino 2     comune SIAMAGGIORE;;;;
329;ORISTANO;UNIONE DEI COMUNI DELLA PLANARGIA E DEL MONTIFERRU OCCIDENTALE;Via Azuni, Bosa (OR);08013;+39 0785/825110 ;+39 0785/373329 ;info@unioneplamo.it
330;ORISTANO;UNIONE DI COMUNI ALTA MARMILLA;Via Anselmo Todde s.n. ALES (OR);09091;0783/91101;0783/91979;marmillauno@tiscali.it
331;ORISTANO;UNIONE DI COMUNI DEL GUILCIER;CENTRO SERVIZI LOSA SRL - ABBASANTA;;;;
332;ORISTANO;UNIONE DI COMUNI PARTE MONTIS;via emilio Lussu, 18 Mogoro (OR);09095;0783/996032;0783/997379;unione.partemontis@virgilio.it
333;PADOVA;COLLI EUGANEI;c/o comune di Baone - Via Tormene, 3                        ;35030;0429/2931;0429/602273;
334;PADOVA;DEL MEDIO BRENTA;viale della Costituzione, 3 Cadoneghe (PD);35010;049/8881764;049/8881732;unione@mediobrenta.it
335;PADOVA;FEDERAZIONE DEI COMUNI DEL CAMPOSAMPIERESE;via Cordenons 17 Camposampiero (PD);35012;049/9315600;049/9315661;
336;PADOVA;NUOVA UNIONE PADOVA NORD OVEST;Viale Camerini, n.3 C/o Piazzola sul Brenta;;049/9697911;049/9697930;
337;PADOVA;PRATIARCATI;Via Roma, 224 Albignasego (Pd);35020;0498042296 ;0498042227 ;info@unionepratiarcati.it
338;PADOVA;UNIONE DEI COMUNI DEL CONSELVANO;presso il Comune di Conselve piazza XX Settembre, 32;35026;049.9596511;049.9500129;amministrazione@unioneconselvano.it
339;PADOVA;UNIONE DEI COMUNI DELLA BRENTA;Piazza Umberto I?, Fontaniva, PD, Italia;35014;+39  049.9430355;+39  049.9430335;info@comune.carmignanodibrenta.pd.it
340;PALERMO;BASSA VALLE DEL TORTO;C/O COMUNE DI ALIMINUSA - VIA ROMA, 2;90020;091/8997122;091/8997034;
341;PALERMO;BESA;c/o comune di: Piana degli Albanesi - Via Togliatti         ;90037;091/8561006-;091/8574796;
342;PALERMO;CIMINNA E VENTIMIGLIA DI SICILIA SAN LEONARDO;via Dott. Vito Graziano n. 2. Ciminna, PA, Italia;90023;+39 0918204220;+39 0918293300; info@comune.ciminna.pa.it
343;PALERMO;CORLEONESE;c/o comune di Corleone - P.zza Garibaldi, 1                 ;90034;091/8467577;091/8464453;
344;PALERMO;CORVO ELEUTERIO;c/o comune di Ficarazzi - Corso Umberto I? n. 412           ;90010;091/495236;091/495809;
345;PALERMO;DEL GOLFO;c/o comune di Altavilla Milicia - Via Loreto n. 60          ;90010;091/951275;091/951826;
346;PALERMO;DELLA BARONIA;c/o comune di Giardinello - Via Vittorio Emanuele , 55      ;90040;091/8784003;091/8984828;
347;PALERMO;DELLE TORRI TRA MARE E MONTI;c/o comune di: Capaci - Via umberto, 1                      ;90040;091/8673111/;091/8671260;
348;PALERMO;LE QUATTRO TERRE;C/O COMUNE DI BELMONTE MEZZAGNO - VIA G. MATTEOTTI, 5;90031;091/8738011;091/8729857;
349;PALERMO;MADONIE;Piazza del Popolo Petralia Soprana (PA);90026;+39 0921/684111 ;;unionepetralieimerasalso@pec.comeg.it
350;PALERMO;MONREALE - JETAS;c/o comune di Monreale - P.zza V. Emanuele, 8               ;90046;091/6564111;091/6564437;
351;PALERMO;MONTELEPRE-BORGETTO;Via Castrenze Di Bella N. 60 c/o comune Montelepre;90040;;;
352;PALERMO;UNIONE DEI COMUNI VAL D'HIMERA SETTENTRIONALE;Via Giovanni Falcone 41, Caltavuturo, PA, Italia;90022;+39 0921 547311;+39 0921 541585;unionevaldimera@pec.it
353;PALERMO;UNIONE PIZZO MARABITO;Piazza Francesco Spallitta - Mezzojuso (PA);90030;;;
354;PALERMO;UNIONI DALLE TERME ARABE AD OLTRE ALPE  CUCCO;c\o Cefala Diana (PA) 90030 Piazza Umberto I - Godrano (PA) 90030  Via Roccaforte, 22 ;90030;091 8208034;0918208193;
355;PALERMO;VALLE DEL SOSIO;c/o comune di Prizzi- Corso Umberto I                       ;90038;091/8345045;091/8344274;
356;PALERMO;VALLE DEL TORTO E DEI FEUDI;c/o comune di Vicari - P.zza Municipio                      ;90020;091/8216020;091/8216090;
357;PARMA;UNIONE BASSA EST PARMENSE;c/o comune di Sorbolo - P.zza Liberta, 1                    ;43055;0521/669611;0521/669669;
358;PARMA;UNIONE BASSA OVEST PARMENSE;;;;;
359;PARMA;UNIONE MONTANA APPENNINI PARMA EST;Piazza Giacomo Ferrari, 5 - Langhirano (PR);43013;;;mariuccia.zambellini@unionemontanaparmaest.it
360;PARMA;UNIONE PEDEMONTANA PARMENSE;Viale Liberta', 3 -  Collecchio (PR)  ;43044;;;
361;PARMA;VALLI DEL TARO E CENO;Via Martiri Della Liberta, 14 - Varano De' Melegari (PR)      ;43040;;;segreteria@cmtaroceno.pr.it
362;PAVIA;CAMPOSPINOSO E ALBAREDO;c/o comune di Abaredo Arnaboldi - Localita Municipio, 1     ;27040;0385/277523;;
363;PAVIA;DELL'ALTA VALLE VERSA;c/o comune di Montecalvo Versiggia - Frazione Crocetta, 18  ;27047;0385/99712;;
364;PAVIA;FRASCAROLO, TORRE BERETTI E CASTELLARO;c/o comune di Frascarolo - P.zza Grande, 1                  ;27030;0384/84151;0384/84482;
365;PAVIA;MAGHERNO-TORRE D'ARESE;VIA ROMA, 136, MAGHERNO, PV;27010;0382/966913;0382/973735;protocollo@unionemaghernotorredarese.pv.it
366;PAVIA;OLTREPO CENTRALE;c/o comune di Torricella Verzate - Via Famiglia Cignoli, 1  ;27050;0383/896030;0383/876300;
367;PAVIA;SAN ZENONE AL PO, SPESSA;c/o comune di San Zenone al Po - Via Marconi, 9             ;27010;0382/79015-7;;
368;PAVIA;UNIONE DEI COMUNI LOMBARDA BORGHI E VALLI D'OLTREPO;piazza F.Cribellati n.2, Borgo Priolo (PV), Italia;27040;+39 0383 872214;+39 0383 871371;demografici@comune.borgopriolo.pv.it
369;PAVIA;UNIONE DEI COMUNI LOMBARDA DI PIEVE PORTO MORONE, BADIA PAVESE E MONTICELLI PAVESE;c/o comune di Pieve Porto Morone - Viale Caduti, 9          ;27017;0382/78024;0382/728046;
370;PAVIA;UNIONE DEI COMUNI LOMBARDA DI VERRUA PO E REA;COM. DI   REA (PV)  -  PIAZZA C. BUSONI     N.4;27040;0385/96123;0385/96211;unione.verruapoerea@libero.it
371;PAVIA;UNIONE DEI COMUNI LOMBARDA OLTREPADANI;c/o comune di Silvano Pietra - Via Umberto I, 35            ;27050;0383/78204;0383/78300;
372;PAVIA;UNIONE DEI COMUNI LOMBARDA OLTREPO LOMBARDO;piazza Aldo Moro n.1, Fortunago (PV)Italia;27040;+39 0383 875213;+39 0383 875692;comune.fortunago@libero.it
373;PAVIA;UNIONE DI COMUNI LOMBARDA COLLINE D'OLTREPO;C/O CALVIGNANO (PV) - VIA ROMA, 1 - 27040;;0383/871120;0383/871037;fabrizio.cabri@unionecollinedoltrepo.pv.it
374;PAVIA;UNIONE DI COMUNI LOMBARDA PRIMA COLLINA;c/o comune di Canneto Pavese - Via Casabassa, 6             ;27044;0385/88021;0385/241595;
375;PAVIA;UNIONE DI COMUNI LOMBARDA TERRE DEI MALASPINA;Via Roma 45, Ponte Nizza, PV, Italia;27050;+39 0383 59131;+39 0383 549018;comune.pontenizza@pec.provincia.pv.it
376;PAVIA;UNIONE DI COMUNI LOMBARDA TERRE VISCONTEE -  BASSO PAVESE;COMUNE DI BELGIOIOSO (PV)   -        VIA GARIBALDI 64;27011;038297841;0382978451;ragioneria@comune.belgioioso.pv.it
377;PAVIA;UNIONE MICROPOLIS;c/o comune di Cervesina - P.zza Caduti per la Patria, 1     ;27050;+39 0383 375156;+39 0383 375220;unione@comune.cervesina.pv.it
378;PERUGIA;TERRE DELL'OLIO E DEL SAGRANTINO;Corso Mameli - Montefalco (PG);;0743/252888;;
379;PERUGIA;UNIONE DEI COMUNI DEL TRASIMENO;Via Sensini 59, Paciano, Italia;06060;+39 075 830186;+39 075 830447;segreteria@comune.paciano.pg.it
380;PESARO E URBINO;PIAN DEL BRUSCOLO;c/o comune di Tavullia - via Roma, 81                       ;61010;0721/476116;0721/476296;
381;PESARO E URBINO;UNIONE MONTANA ALTA VALLE METAURO;Via A. Manzoni 25, Urbania, PU, Italia ;61049;+39 0722 313002;+39 0722 319783 ;cm.urbania@provincia.ps.it  
382;PESARO E URBINO;UNIONE MONTANA DEL CATRIA E DEL NERONE;via l. alessandri, 19 61043 cagli;;07210787431;0721 787441;cm.cagli@provincia.ps.it
383;PESARO E URBINO;UNIONE MONTANA DEL MONTEFELTRO;via nicola amaducci 34, 61021 carpegna;;0722727003;072277732;cm.carpegna@provincia.ps.it
384;PESARO E URBINO;VALLE DEL METAURO;Piazza Bruno Buozzi 5  Saltara;61030;00390721 892901;00390721 879920;segreteria@unionecomunivalledelmetauro.it
385;PESCARA;UNIONE DEI COMUNI DELL'AREA URBANA CHIETI-PESCARA - UNICA;c/o Francavilla al Mare - P.zza San Domenico                ;66023;085/4920237;085/4920210;
386;PIACENZA;BASSA VAL D'ARDA FIUME PO';c/o comune di Cortemaggiore;;;;
387;PIACENZA;UNIONE COMUNI MONTANI ALTA VAL D'ARDA;Piazza Municipio 3, Castell'Arquato, PC, Italia;29014;+39 0523 804003-26;+39 0523 803982;comune.castellarquato@sintranet.it
388;PIACENZA;UNIONE DEI COMUNI BASSA VAL TREBBIA E VAL LURETTA;Strada Provinciale per Gossolengo 6/D RIVERGARO;29029;0523/952307;0523/952359;
389;PIACENZA;UNIONE MONTANA ALTA VAL NURE;Piazza Colombo 9, Bettola, PC, Italia;29021;+39 0523 911541 ;+39 0523 911491 ;segreteria@unionealtavalnure.it
390;PIACENZA;UNIONE MONTANA VALLI TREBBIA E LURETTA;Via Garibaldi, 48 - Bobbio (PC);29022;+39 0523/932241 ;+39 0523/936636;
391;PIACENZA;UNIONE VALNURE E VALCHERO;via Monte Grappa, 100 Podenzano (PC);29027;0523/554611;0523/550228;unionevalnure@comune.podenzano.pc.it
392;PISA;UNIONE COLLI MARITTIMI PISANI;C/O COMUNE DI MONTESCUDAIO (PI)  -  VIA ANTONIO GRAMSCI N. 1;;0586 684200 ;0586 685202;unione.collimarittimipisani@postacert.toscana.it
393;PISA;UNIONE MONTANA ALTA VAL DI CECINA;C/O COMUNE DI POMARANCE (PI)  -  VIA RONCALLI N. 38;56045;0588/62003 int. 204;0588/62700;panichi@cm-valdicecina.pisa.it
394;PISA;UNIONE VALDERA;PONTEDERA (PI)   - VIALE R. PIAGGIO 32    CENTRALINO 0587/299560;56025;0587/299566;0587/292771;m.marconcini@unione.valdera.pi.it
395;PISTOIA;UNIONI DI COMUNI MONTANI APPENNINO PISTOIESE;C/O IL COMUNE DI SAN MARCELLO PISTOIESE (PT) - VIA PIETRO LEOPOLDO 10/24;51028;;;
396;PORDENONE;COMUNITA' DI MONTAGNA DELLE PREALPI FRIULANE ORIENTALI;Via Venezia, 18,  Maniago, PN, Italia;33085;+39 0427 707285;+39 0427 707200;uti.valliedolomitifriulane@certgov.fvg.it
397;PORDENONE;COMUNITA' SILE;PIAZZA LIBERTA 1, AZZANO DECIMO, PN, ITALIA;33082;+39 0434636708;+39 0434640182;uti.silemeduna@certgov.fvg.it
398;PORDENONE;MAGNIFICA COMUNITA' DI MONTAGNA DOLOMITI FRIULANE, CAVALLO E CANSIGLIO;piazza Giacomo Matteotti n.1, Aviano (PD), Italia;33081;0434 666561;;uti.livenza-cansiglio-cavallo@certgov.fvg.it 
399;PORDENONE;UNIONE DEI COMUNI DI UTI DEL TAGLIAMENTO ;Piazza del Popolo n. 38, San Vito al Tagliamento, PN, Italia;33078;+39 0434842907;+39 0434842981;uti.tagliamento@certgov.fvg.it
400;PORDENONE;UNIONE TERRITORIALE INTERCOMUNALE DEL NONCELLO;Corso Vittorio Emanuele II  n.64, Pordenone, PN, Italia;33170;+39 0434 231328;+39 0434 241583;direzione@noncello.utifvg.it
401;POTENZA;ALTO BRADANO;Viale I? Maggio 1,  Acerenza, PZ, Italia;85011;+39 0971 742005;+39 0971 749570;protocollo@pec.unionecomunialtobradano.it
402;POTENZA;UNIONE DEI COMUNI MEDIO AGRI;VIA LEONARDO DA VINCI - 85037;;;;unionemedioagri@pec.it
403;POTENZA;UNIONE DI COMUNI VAL CAMASTRA BASENTO;piazza Falcone n. 1, Calvello (PZ) Italia;85010;+39 0971-921911;+39 0971-921921;unionevalcamastrabasento@pec.it    
404;POTENZA;UNIONE LUCANA DEL LAGONEGRESE;Traversa del Largo Plebiscito 12, Lauria, PZ, Italia;85044;+39 0973 629578;+39 0973 822130;unionelucanadellagonegrese@rete.basilicata.it
405;PRATO;UNIONE DEI COMUNI VAL DI BISENZIO;via Bisenzio, 351  Mercatale di Vernio (PO);59023;0574/931211;0574/957038;info@cmvaldibisenzio.it
406;RAGUSA;UNIONE IBLEIDE;Corso Umberto 65 Chiaramonte Gulfi;;0932/711215;;
407;RAVENNA;UNIONE DEI COMUNI DELLA BASSA ROMAGNA;Piazza Martiri Liberta n. 1 Lugo(RA);48022;0545/299111;0545/38348;
408;RAVENNA;UNIONE ROMAGNA FAENTINA;C/O FOGNANO DI BRISIGHELLA (RA) - VIA STAFFI,2;48013;0546/81066;0546/80066;
409;REGGIO CALABRIA;UNIONE DEI COMUNI DELLA VALLE DEL TORBIDO;Corso Garibaldi 14, Gioiosa Ionica, RC, Italia;89042;+39 0964 51536 int. 2;+39 0964 410520;staffsegreteria@comune.gioiosaionica.rc.it
410;REGGIO NELL' EMILIA;PIANURA REGGIANA;Corso Mazzini 35,  Correggio (RE);42015;0522644611 ;0522644624 ;
411;REGGIO NELL' EMILIA;UNIONE COLLINE MATILDICHE;PIAZZA DANTE N. 1 C/O QUATTRO CASTELLA 42020;;;;
412;REGGIO NELL' EMILIA;UNIONE DEI COMUNI BASSA REGGIANA;Piazza Mazzini n.1, 42016 Guastalla (RE) ;42016;0522/655429;0522/652057;unionebassareggiana@cert.provincia.re.it 
413;REGGIO NELL' EMILIA;UNIONE MONTANA DEI COMUNI DELL'APPENNINO REGGIANO;Via dei Partigiani 10, Castelnovo ne' Monti, RE, Italia;42035;+39 0522 610511;+39 0522 610590;segreteria@unioneappennino.re.it
414;REGGIO NELL' EMILIA;UNIONE TERRA DI MEZZO;Piazza Della Liberta', 1 - Cadelbosco Di Sopra (RE);42023;;;
415;REGGIO NELL' EMILIA;UNIONE VAL D'ENZA;Via D.p. Borghi, 12 - Montecchio Emilia (RE);42027;;;segreteria@unionevaldenza.it
416;REGGIO NELL' EMILIA;UNIONI DI COMUNI TRESINARO SECCHIA;Corso Vallisneri, 6 - Scandiano (RE);42019;;;
417;RIETI;BASSA SABINA;c/o comune di Poggio Mirteto - Via Mameli, 45               ;02047;0765/410068;0765/22350;
418;RIETI;DELL'ALTA SABINA;C/O COMUNE DI POGGIO MOIANO - P.ZZA VITTORIO EMANUELE, 2;02037;0765/876023;0765/876759;
419;RIETI;DELLA VAL D'AIA;c/o comune di Configni - P.zza Vittorio emanuele, 2         ;02040;0746/672208;;
420;RIETI;NOVA SABINA;c/o comune di Poggio Catino - P.zza Capizucchi, 1           ;02040;0765/-63089;0765/63710;
421;RIETI;VALLE DEL TEVERE;c/o comune di Magliano Sabina -                             ;02046;0764/579001;;
422;RIETI;VALLE DELL'OLIO - AREA DI OSTERIA NUOVA;c/o comune di Frasso Sabino - Via XX Settembre, 9           ;02030;0765/872004;0765/872736;
423;RIMINI;UNIONE DEI COMUNI DELLA VALCONCA;C/O COMUNE DI MORCIANO DI ROMAGNA - P.ZZA DEL POPOLO, 1;47833;0541/857790;0541/851014;
424;RIMINI;UNIONE DI COMUNI VALMARECCHIA;VIA ROMA, 21G -C/O TORRIANA;47825;0541/675012;0541/675350;
425;ROMA;MEDANIENE;c/o comune di Roviano - P.zza della Repubblica, 4           ;00024;0774/903008;0774/920006;
426;ROMA;SABINA ROMANA;C/O COMUNE DI MONTORIO ROMANO;00100;0774/62223;0774/62286;
427;ROMA;UNIONE  ALTA VALLE DEL SACCO;c/o comune di Olevano Romano - Via del Municipio, 1         ;00035;06/600230;06/9560032;
428;ROMA;VALLE DEL TEVERE - SORATTE;c/o comune di Santo Oreste - P.zza Cavalieri Caccia, 10     ;00060;0761/578433;0761/578421;
429;ROMA;VALLE USTICA;c/o comune di Licenza - Via Don Minzoni, 12                 ;00026;0774/46031;;
430;ROVIGO;DELL'ERIDANO;c/o comune di Polesella - Via Matteotti, 11                 ;45038;0425/447111;0425/444022;
431;SALERNO;ALTO CALORE;c/o comune di Felitto - P.zza Mercato                       ;84055;0828/945028;;
432;SALERNO;DELL'IRNO;Corso Garibaldi Giuseppe Baronissi;84081;;;
433;SALERNO;SANT'ARSENIO, SAN RUFO, SAN PIETRO AL TANAGRO;c/o comune di Santo Arsenio - P.zza Domenico Pica           ;84037;0975/398033;0975/399362;
434;SALERNO;UNIONE DEI COMUNI ALTO CILENTO;c/o comune di: Torchiara - via Roma,1                       ;84076;0974/831102;0974/831102;
435;SALERNO;UNIONE DEI COMUNI VELINI;p.zza XXIII luglio 6 casal velino;84040;00390974908811;0039800250797;protocollo@pec.comune.casalvelino.sa.it
436;SALERNO;UNIONE TERRE DELL'AGRO;Piazza Umberto I  n.2, San Marzano sul Sarno, SA, Italia;84010;+39 081 5188111;+39 081 5188211;segretariogenerale@sanmarzanosulsarno.gov.it
437;SALERNO;VALLE DELL'ALENTO;CASA COMUNALE OMOGNANO SALERNO;;;;
438;SALERNO;VALLE DELL'ORCO;c/o comune di Siano -  P.zza Municipio                      ;84088;081/5183811;081/5181133;
439;SASSARI;MEILOGU;Via E. Berlinguer, snc Bonorva(SS);07012;079/867700;079/865016;unionecomunimeilogu@tiscali.it
440;SASSARI;RETE METROPOLITANA NORD SARDEGNA;Palazzo Ducale - Piazza del Comune, 1 C/o Sassari (SS);07100; 079279111; 079279111;info@retemetropolitananordsardegna.it
441;SASSARI;RIVIERA DI GALLURA;Via Grazia Deledda, San Teodoro, SS, Italia ;07005;+39 0784 860026;+39 0784 865192;info@unionerivieradigallura.gov.it
442;SASSARI;UNIONE DEI COMUNI ALTA GALLURA;Via Cannas 1, Tempio Pausania, OT, Italia;07029;+39 079 6725600;+39 079 6725619;unionealtagallura@tiscali.it
443;SASSARI;UNIONE DEI COMUNI DEL COROS;Via Marconi 14 ;07045;079 3406090 ;079 3406295 ;info@unionecoros.it
444;SASSARI;UNIONE DEI COMUNI DEL LOGUDORO;VIA DE GASPERI N. 98;;079/7812603;079/7810624;
445;SASSARI;UNIONE DEI COMUNI DELL'ANGLONA E DELLA BASSA VALLE DEL COGHINAS;via E. Toti n. 20 Perfugas (SS);;079564500;079563156;unione.anglona@tiscali.it
446;SASSARI;UNIONE DEI COMUNI GALLURA;VIA FIRENZE, 2 - ARZACHENA;;;;
447;SASSARI;UNIONE DI COMUNI DI VILLANOVA;Via Nazionale, 106 c/o Comune di VILLANOVA MONTELEONE (SS);07019;079 805068;079 505320;gsancio@tiscali.it
448;SAVONA;UNIONE DEI COMUNI DEL BEIGUA;Piazza Concezione 8, Sassello, SV, Italia;17046;+39 019 724103;+39 019 724664;info@comune.sassello.sv.it
449;SAVONA;UNIONE DEI COMUNI DEL FINALESE;Via Pertica 29, Finale Ligure, SV, Italia;17024;+39 019 689011;+39 019680135;protocollo@comunefinaleligure.it
450;SAVONA;UNIONE DEI COMUNI DELLA VITE E DELL'ULIVO ;Via Roma 249, Ortovero, SV, Italia;17037;+39 0182 547388;+39 0182 547389;info@comuneortovero.it
451;SAVONA;UNIONE DEI COMUNI VALMERULA E MONTAROSIO;Via Cavour 94, SV, Italia;17051;+39 0182 68111;+39 0182 6811244;segreteria@comunediandora.it
452;SIENA;UNIONE DEI COMUNI AMIATA VAL D'ORCIA;C/O COMUNE DI PIANCASTAGNAIO (SI)    -  VIA GROSSETANA   N. 209;53025;0577/787168 int. 409;;d.visconti@cm-amiata.siena.it
453;SIENA;UNIONE DEI COMUNI VAL DI MERSE;Via Tiberio Gazzei, 24 Radicondoli;53030;0577 790610 ;0577 790592 ;info@valdimerse.si.it
454;SIENA;UNIONE DEI COMUNI VALDICHIANA SENESE;c/o Sarteano Corso Garibaldi, 10;53047;0578/268081;0578/268082;
455;SIRACUSA;UNIONE DEI MONTI CLIMITI;Via IV Novembre 79, Floridia, SR, Italia;96014;+39 0931 921610;+39 0931 821253;sindaco@comune-solarino.gov.it
456;SIRACUSA;UNIONE TERRE DELLE ACQUE;Piazza Garibaldi, Francofonte, SR, Italia;96015;+39 0957 887111;+39 095 949941;francofontesegreteria@gmail.com
457;SIRACUSA;VALLE DEGLI IBLEI;c/o comune di Palazzolo Acreide - P.zza del Popolo n. 1     ;96010;0931/871111;0931/871209;
458;SONDRIO;DELLA VALMALENCO;c/o comune di Chiesa in Valmalenco - Via Marconi, 8         ;23023;0342/451114;0342/451402;
459;SONDRIO;SPRIANA E TORRE DI SANTA MARIA;c/o comune di Torre di Santa Maria - Via Cortile, 1         ;23020;0342/558300;0342/558300;
460;SUD SARDEGNA;ARCIPELAGO DEL SULCIS;Lungomare Cristoforo Colombo snc;;00390781887813;0039 0781899149;segreteria@comune.calasetta.ca.it
461;SUD SARDEGNA;TERRE DEL CAMPIDANO;via Trento 2, San Gavino Monreale;09037;070937491;0709375013;
462;SUD SARDEGNA;UNIONE COMUNI MARMILLA;Viale Rinascita 19 - Villamar (VS);09020;070 9306024 ;;ucmarmilla@gmail.com
463;SUD SARDEGNA;UNIONE DEI COMUNI DEL SULCIS;Piazza IV Novembre 32   SAN GIOVANNI SUERGIU (CI);;07816999306;07816999313;
464;SUD SARDEGNA;UNIONE DI COMUNI METALLA E IL MARE;Via Garibaldi 10 Musei (CI);;+39 0781/7580204;;metallaeilmare@tiscali.it
465;TARANTO;MONTEDORO;c/o comune di Faggiano - Via Scanderberg                    ;74020;099/5908921;099/5901183;
466;TARANTO;UNIONE DEI COMUNI DI CRISPIANO - MASSAFRA - STATTE;V.le M.Grecia - Massafra;74016;;;
467;TARANTO;UNIONE DEI COMUNI TERRE DEL MARE E DEL SOLE;c/o comune fragagnano Via C. Battisti 1                     ;;;;
468;TERAMO;CITTA' TERRITORIO VAL VIBRATA;c/o comune di Santo Omero - Via Veneto                      ;64027;0861/880021;0861/88555;
469;TERAMO;UNIONE COMUNI TERRE DEL SOLE;via Cavour n.2, Giulianova (TE);64021;+39 0858009240;+39 0858026084;unionecomuniterredelsole@pec.it
470;TERAMO;UNIONE DEI COMUNI MONTANI DELLA LAGA;Via Giorgio Romani 1, Torricella Sicura, TE, Italia;64010;+39 0861 59401;+39 0861 594033;easlaga@gmail.it
471;TERAMO;UNIONE DI COMUNI COLLINE DEL MEDIO VOMANO;via Nazionale Cermignano;64037;0861/667519;;
472;TORINO;COMUNITA' COLLINARE INTORNO AL LAGO;C/O COMUNE DI VIVERONE - VIA UMBERTO I, 107;13886;0161/987021;0161/987498;
473;TORINO;COMUNITA' COLLINARE TERRE DEL ERBALUCE;c/o  comune di: Mazze - P.zza della Repubblica, 2           ;10035;011/9894922;;
474;TORINO;UNIONE COLLINARE CANAVESANA;c/o comune di Barbania - VIa Roma, 1                        ;10070;011/9243621;011/9243958;
475;TORINO;UNIONE COMUNI DELLA SERRA;PIAZZA STATUTO, 1  BOLLENGO;10012;00390125 57114;00390125 577812;info@unionedellaserra.it
476;TORINO;UNIONE COMUNI MONCALIERI TROFARELLO LA LOGGIA;VIA IV NOVEMBRE N. 6 LA LOGGIA ;;011/6823611 ;011/6829458 ;scapitta@unionemoncalieri.it
477;TORINO;UNIONE DEI COMUNI DEL CIRIACESE E BASSO CANAVESE;CORSO MARTIRI DELLA LIBERTA 33 - CIRIE';10073;0119218613-604-607;;segreteria@unionecomuniciriacese.to.it
478;TORINO;UNIONE DEI COMUNI MONTANI VALSANGONE;Via XXIV maggio 1, Giaveno, TO, Italia;10094;+39 011 9365202;+39 011 9378048;segreteria@unionevalsangone.it
479;TORINO;UNIONE DELL'AREA NORD EST DI TORINO;PIAZZA V. VENETO, 12 BORGARO TORINESE (TO);;011/4211106;011/4211245;protocollo@unionenet.it
480;TORINO;UNIONE DI COMUNI MONTANI VALCHIUSELLA;VIA MUNICIPIO 2/1, ISSIGLIO, TO, ITALIA;10080;+39 0125 789079;+39 0125 791984;unionevalchiusella@libero.it
481;TORINO;UNIONE DORA BALTEA;VIA VAL 5, QUINCINETTO (TO), ITALIA;10010;+39 0125 757903 ;+39 0125 757496;info.quincinetto@comune.quincinetto.to.it
482;TORINO;UNIONE MONTANA ALPI GRAIE;Piazza Vittorio Veneto 2, Viu, TO, Italia;10070;+39 0123 696101;+39 0123 696264;unionemontana.alpigraie@legalmail.it
483;TORINO;UNIONE MONTANA ALTO CANAVESE;Piazza Vittorio Veneto, 1, Forno Canavese, TO, Italia;10084;+39 0124 77844 ;+39 0124 78166;amministrativo@unione.altocanavese.to.it
484;TORINO;UNIONE MONTANA COMUNI OLIMPICI-VIA LATTEA;Piazza Vittorio Amedeo 1, Cesana Torinese, TO, Italia;10054;+39 0122 89114 ;+39 0122 897113;unionevialattea@legalmail.it
485;TORINO;UNIONE MONTANA COMUNI VALLI CHISONE E GERMANASCA;VIA ROMA N.22, PEROSA ARGENTINA (TO) ITALIA;10063;+39 0121802511;+39 0121802540;segreteria@unionevallichisonegermanasca.it
486;TORINO;UNIONE MONTANA DEI COMUNI DELL'ALTA VALLE SUSA;Piazza Vittorio Amedeo 1, Cesana Torinese, TO, Italia;10054;+39 0122 89114;+39 0122 897113;unionevialattea@legalmail.it
487;TORINO;UNIONE MONTANA DI COMUNI DELLE VALLI DI LANZO CERONDA E CASTERNONE;Frazione Fe, 2 Ceres (TO);10070;+39 0123/53339  ;+39 0123/53716  ;info@vallidilanzo.to.it
488;TORINO;UNIONE MONTANA GRAN PARADISO;via Torino n. 17, Locana (TO);10080;+39 0124/83136;+39 0124/83363;unionemontana.granparadiso@gmail.com
489;TORINO;UNIONE MONTANA MOMBARONE;via Montiglie n. 1/I, Settimo Vittone (TO), Italia;10010;+39 0125 658409 int. 3;+39 0125 659207/658442;settimovittone@comune.settimovittone.to.it
490;TORINO;UNIONE MONTANA PINEROLESE;Corso Jacopo Lombardini 2, Torre Pellice, TO, Italia;10066;+39 0121 802566;+39 0121 932888;unionepinerolese@pec.umpinerolese.it
491;TORINO;UNIONE MONTANA VAL GALLENCA;PIAZZA ENRIETTO GIACOMO 1, PRASCORSANO, TO, ITALIA;10080;+39 0124 698141;+39 0124 698357;comune@comune.prascorsano.to.it
492;TORINO;UNIONE MONTANA VALLE SACRA;Piazza Martiri della Liberta, 28, Castellamonte, TO, Italia;10081;+39 0124 5187201;+39 0124 5187250 ;sindaco@comune.castellamonte.to.it
493;TORINO;UNIONE MONTANA VALLE SUSA;Forte di Exilles, Exilles, TO, Italia;10050;+39 0122 58301;+39 0122 58151;umavsc@pec.it
494;TORINO;UNIONE MONTANA VALLI ORCO E SOANA;Piazza 25 Aprile, 2, Pont Canavese, TO, Italia;10085;+39 0124 862511;+39 0124 84873;info@comune.pontcanavese.to.it
495;TRAPANI;UNIONE DEI COMUNI ELIMO ERICINI;c/o comune di: Valderice -  Via G. Verdi, 58                ;91019;0923/892025;0923/891452;
496;TRAPANI;VALLE DEL BELICE;c/o Partanna via Vittorio Emanuele, 213                     ;91028;0924/ 923100;0924/ 923199;
497;TRENTO;UNIONE DELL'ALTA ANAUNIA;Via De Campi 1, Cavareno, TN, Italia;38011;+39 0463 850106;+39 0463 850096;info@altanaunia.tn.it
498;TREVISO;UNIONE DEI COMUNI DI CIMADOLMO ORMELLE E SAN POLO DI PIAVE;Via Mura, 1 -  San Polo Di Piave (TV)  ;31020;0422855106 ;0422858760 ;comune.sanpolodipiave@legalmail.it
499;TREVISO;UNIONE DI COMUNI MARCA OCCIDENTALE;Via Papa Sarto 5, Vedelago, TV, Italia;31050;+39 0423 7027   349/1841988;+39 0423 401242;info@marcaoccidentale.it
500;TREVISO;UNIONE MONTANA DEL GRAPPA;Via Molinetto n.17, Crespano del Grappa TV, Italia;31017;+39042353036;+39042353510;segreteria@cmgrappa.gov.it
501;TREVISO;UNIONE MONTANA PREALPI TREVIGIANE;Via Vittorio Emanuele II n.67, Vittorio Veneto, TV, Italia;31029;+39 0438 554788;+39 0438 949686;info@prealpitrevigiane.it
502;TRIESTE;UNIONE TERRITORIALE INTERCOMUNALE GIULIANA;Piazza Vittorio Veneto 4, Trieste, TS, Italia;34132;+39 040 37981;+39 040 3798233;uti.giuliana-julijska@certgov.fvg.it
503;UDINE;COMUNITA' COLLINARE DEL FRIULI;PIAZZA CASTELLO,7 c/O Colloredo di Monte Albano (Udine);33010;0432889507;0432889818;segreteria@collinare.regione.fvg.it
504;UDINE;COMUNITA' DEL FRIULI ORIENTALE;SEDE LEGALE CORSO PAOLINO D'ACQUILEIA 2 33043 CIVIDALE DEL FRIULI ;33049;+39 0432 727629 - 727552;+39 0432 727325;uti.natisone@certgov.fvg.it
505;UDINE;COMUNITA' DI MONTAGNA CANAL DEL FERRO E VAL CANALE;via Pramollo 16, Pontebba, UD, Italia;33016;+39 0428 90351 int.1;+39  0428 90348;protocollo@cdferro-vcanale.utifvg.it
506;UDINE;COMUNITA' DI MONTAGNA DEL GEMONESE;Via Carlo Caneva n. 25, Gemona del Friuli, UD, Italia;33013;+39 0432.971160;+39 0432.971358;protocollo@gemonese.utifvg.it 
507;UDINE;COMUNITA' DI MONTAGNA DEL NATISONE E TORRE;Via C. Frangipane 3, Tarcento, UD, Italia;33017;+39  0432-798211;+39  0432-791461;uti.torre@certgov.fvg.it
508;UDINE;COMUNITA' DI MONTAGNA DELLA CARNIA;via Carnia Libera 1944, n. 29 Tolmezzo (UD), Italia;33028;+39 0433-487711;+39 0433-487760;segreteria@carnia.utifvg.it
509;UDINE;COMUNITA' RIVIERA FRIULANA;Piazza Indipendenza n. 74, Latisana, UD, Italia;33053;+39 0431 409268;+39 0431 520910;segreteria@rivierabassafriulana.utifvg.it
510;UDINE;UNIONE TERRITORIALE INTERCOMUNALE DEL FRIULI CENTRALE;via Lionello 1 -  Udine (UD);33010;+39 0432 127 1111;;uti.friulicentrale@certgov.fvg.it
511;UDINE;UTI MEDIO FRIULI;Piazza Municipio 1, Basiliano, UD, Italia;33031;+39 0432 838135;+39 0432 838110;uti.mediofriuli@certgov.fvg.it
512;VARESE;LONATE POZZOLO E FERNO;c/o comune di Lonate Pozzolo - Via Cavour, 20               ;21015;0331/303541;0331/303572;
513;VARESE;UNIONE DEI COMUNI LOMBARDA PREALPI;Viale delle Rimembranze 9, Dumenza, VA, Italia;21010;+39 0332 517239;+39 0332 517050;info@comune.dumenza.va.it
514;VARESE;UNIONE DEL MEDIO VERBANO;c/o comune di Cittiglio - Via Provinciale, 46               ;21033;0332/617924;0332/601141;
515;VENEZIA;CITTA' DELLA RIVIERA DEL BRENTA;c/o comune di Dolo - Via Cairoli, 39                        ;30031;041/5121911;041/410665;
516;VENEZIA;MIRANESE;c/o Villa Belvedere, Mirano, VE, Italia ;30035;+39 041 5709727      ;+39 041 5709749;unionedelmiranese.ve@pecveneto.it
517;VERBANO-CUSIO-OSSOLA;ALTA OSSOLA;Localita Bagni 20, Crodo, VB, Italia;28862;+39 0324 338452;+39 0324 237028;info@unioneantigoriodivedroformazza.it
518;VERBANO-CUSIO-OSSOLA;UNIONE DEL LAGO MAGGIORE;Piazza Vittorio Emanuele III, 2, Cannobio, VB, Italia;28822;+39 0323 738257-10;+39 0323 738218;unionelagomaggiore@cannobio.net
519;VERBANO-CUSIO-OSSOLA;UNIONE MONTANA DEI COMUNI DI ARIZZANO - PREMENO E VIGNONE;Corso Roma 1, Arizzano, VB, Italia;28811;+39 0323 551939;+39 0323 551588;segreteria@comune.arizzano.vb.it
520;VERBANO-CUSIO-OSSOLA;UNIONE MONTANA DEL CUSIO E DEL MOTTARONE;via De Angeli 35/a, Omegna, VB, Italia;28887;+39 0323 61687;+39 0323 643657;unionecusiomottarone@libero.it
521;VERBANO-CUSIO-OSSOLA;UNIONE MONTANA DELLE VALLI DELL'OSSOLA;via Romita n.13 bis Domodossola, VB, Italia;28845;+39 0324.226611;+39 0324.226666;info@cmvo.it
522;VERBANO-CUSIO-OSSOLA;UNIONE MONTANA DI COMUNI DELLA VALLE VIGEZZO;Via Pittore Belcastro 1, Santa Maria Maggiore, VB, Italia;28857;+39 0324 94763;+39 0324 226666;maurobranca@libero.it
523;VERBANO-CUSIO-OSSOLA;UNIONE MONTANA MEDIA OSSOLA;Via Casella n.1, Pallanzeno, VB Italia;28884;+39 0324/51195;+39 0324/53454;unionemediaossola@pcert.it
524;VERBANO-CUSIO-OSSOLA;UNIONE MONTANA VALGRANDE E DEL LAGO DI MERGOZZO;Via Per Unchio 13, Cambiasca, VB, Italia;28814;+39 0323 552207;+39 0323 552163;unione.valgrande@legalmail.it
525;VERBANO-CUSIO-OSSOLA;VALLE STRONA E DELLE QUARNE;Via Roma, 54, Valstrona, VB, Italia;28897;+39 0323 87117 ;+39 0323 87265;unionestronaquarne@pec.it
526;VERCELLI;COSER BASSA VERCELLESE;Via Fratelli Binelli 30,  Caresana;13010;0161/787004;0161/786805;
527;VERCELLI;UNIONE DEI COMUNI OLTRE SESIA;Piazza  Alberto Gastaldi n.14, Villata VC, Italia;13010;+39 0161310113;+39 0161310631;villata@ruparpiemonte.it
528;VERCELLI;UNIONE MONTANA DEI COMUNI DELLA VALSESIA ;Corso Roma, 35, Varallo Sesia, VC, Italia;13019;+39 0163 51555;+39 0163 52405;info@unionemontanavalsesia.it
529;VERONA;DALL'ADIGE AL FRATTA;c/o comune di Bonavigo - P.zza C. Ederie, 23                ;37040;0422/73010;0422/670010;
530;VERONA;DELL'ADIGE GUA;c/o comune di Cologna Veneta - P.zza Mazzini, 48            ;37044;0422/411122;0422/4101811;
531;VERONA;DESTRA ADIGE;c/o comune di San Pietro di Morubio - Via Vittorio Veneto, 6;37050;045/6969000;045/6969017;
532;VERONA;ROVERE' - VELO - SAN MAURO;c/ o comune di Rovere Veronese - P.zza Vittorio Emanuele, 12;37028;045/6518005;045/6518004;
533;VERONA;UNIONE DEI COMUNI MONTANI DI SANT'ANNA D'ALFAEDO ED ERBEZZO;c/o Santa Anna di Alfaedo - Via Roma, 4                     ;37020;045/7532502;;
534;VERONA;UNIONE MONTANA DEL BALDO-GARDA;Villa Nichesola, localita Platano, Caprino Veronese, VR, Italia;77013;+39 0456230878;+39 0456230873 ;baldo@unionebaldo.vr.it
535;VERONA;VERONA EST;c/o comune di Colognola ai Colli - P.le Trento, 2           ;37030;045/6159611;045/6159619;
536;VERONA;VERONESE TARTARO TIONE;Via Roma, 17 Nogarole Rocca (VR);37060;;;info@unionetartarotione.vr.it
537;VICENZA;BASSO VICENTINO;via Roma, 9 - Orgiano ( VI ) ;;0444/874038 ;0444/874627;info@unionebassovicentino.it
538;VICENZA;CALDOGNO - COSTABISSARA - ISOLA VICENTINA;c/o comune di Caldogno -                                    ;36030;0444/599130;0444/975450;
539;VICENZA;TERRE DEL RETRONE;Piazza del Comune 6, Creazzo, VI, Italia;36051;+39 0444 338211;+39 0444 338299;servizi.finanziari@comune.creazzo.vi.it
540;VICENZA;UNIONE MONTANA ALTO ASTICO;Via Europa 22, Arsiero, VI, Italia;36011;+39.0445.740529 ;+39.0445.741797;segreteria@altoastico.it
541;VICENZA;UNIONE MONTANA ASTICO;Piazza Mazzini 18, Breganze, VI, Italia;36042;+39 0445 873607;+39 0445 873200;um.astico.vi@pecveneto.it
542;VICENZA;UNIONE MONTANA DEL BASSANESE;Bassano del Grappa - Via Vittorelli n.30 (VI);36020;+39 0444/338411;+39 0424/99360;info@comunitamontanadelbrenta.vi.it 
543;VICENZA;UNIONE MONTANA PASUBIO ALTO VICENTINO;Largo Fusinelle 1, Schio, VI, Italia;36015;+39 0445 530533;+39 0445 530009 ;info@cmleogratimonchio.it
544;VICENZA;UNIONE MONTANA SPETTABILE REGGENZA DEI SETTE COMUNI;Piazza Stazione, 1,  Asiago, VI, Italia;36012;+39 0424 462502 ;+39 0424 64567 ;info@reggenza.it
